2026-09-21T17:07:56.957-05:00  INFO 75226 --- [servicio-mongodb] [main] c.example.servicio.ServicioApplication   : Starting ServicioApplication using Java 25.0.4.1 with PID 75226 (/home/South_Knight/Documentos/projecto_final/Proyecto2_JPA/servicio/target/classes started by South_Knight in /home/South_Knight/Documentos/projecto_final/Proyecto2_JPA/servicio)
2026-09-21T17:07:56.964-05:00  INFO 75226 --- [servicio-mongodb] [main] c.example.servicio.ServicioApplication   : No active profile set, falling back to 1 default profile: "default"
2026-09-21T17:07:57.286-05:00  INFO 75226 --- [servicio-mongodb] [main] .s.b.d.c.l.DockerComposeLifecycleManager : Using Docker Compose file /home/South_Knight/Documentos/projecto_final/Proyecto2_JPA/servicio/compose.yaml
2026-09-21T17:07:58.883-05:00 ERROR 75226 --- [servicio-mongodb] [main] o.s.boot.SpringApplication               : Application run failed

org.springframework.boot.docker.compose.core.ProcessExitException: 'docker version --format {{.Client.Version}}' failed with exit code 1.

Stdout:
29.8.1


Stderr:
failed to connect to the docker API at unix:///var/run/docker.sock; check if the path is correct and if the daemon is running: dial unix /var/run/docker.sock: connect: no such file or directory

	at org.springframework.boot.docker.compose.core.ProcessRunner.run(ProcessRunner.java:102) ~[spring-boot-docker-compose-4.1.1.jar:4.1.1]
	at org.springframework.boot.docker.compose.core.ProcessRunner.run(ProcessRunner.java:80) ~[spring-boot-docker-compose-4.1.1.jar:4.1.1]
	at org.springframework.boot.docker.compose.core.DockerCli$DockerCommands.getDockerCommand(DockerCli.java:147) ~[spring-boot-docker-compose-4.1.1.jar:4.1.1]
	at org.springframework.boot.docker.compose.core.DockerCli$DockerCommands.<init>(DockerCli.java:141) ~[spring-boot-docker-compose-4.1.1.jar:4.1.1]
	at org.springframework.boot.docker.compose.core.DockerCli.lambda$new$0(DockerCli.java:67) ~[spring-boot-docker-compose-4.1.1.jar:4.1.1]
	at java.base/java.util.HashMap.computeIfAbsent(HashMap.java:1229) ~[na:na]
	at org.springframework.boot.docker.compose.core.DockerCli.<init>(DockerCli.java:66) ~[spring-boot-docker-compose-4.1.1.jar:4.1.1]
	at org.springframework.boot.docker.compose.core.DockerCompose.get(DockerCompose.java:154) ~[spring-boot-docker-compose-4.1.1.jar:4.1.1]
	at org.springframework.boot.docker.compose.lifecycle.DockerComposeLifecycleManager.getDockerCompose(DockerComposeLifecycleManager.java:195) ~[spring-boot-docker-compose-4.1.1.jar:4.1.1]
	at org.springframework.boot.docker.compose.lifecycle.DockerComposeLifecycleManager.start(DockerComposeLifecycleManager.java:115) ~[spring-boot-docker-compose-4.1.1.jar:4.1.1]
	at org.springframework.boot.docker.compose.lifecycle.DockerComposeListener.onApplicationEvent(DockerComposeListener.java:53) ~[spring-boot-docker-compose-4.1.1.jar:4.1.1]
	at org.springframework.boot.docker.compose.lifecycle.DockerComposeListener.onApplicationEvent(DockerComposeListener.java:35) ~[spring-boot-docker-compose-4.1.1.jar:4.1.1]
	at org.springframework.context.event.SimpleApplicationEventMulticaster.doInvokeListener(SimpleApplicationEventMulticaster.java:180) ~[spring-context-7.0.9.jar:7.0.9]
	at org.springframework.context.event.SimpleApplicationEventMulticaster.invokeListener(SimpleApplicationEventMulticaster.java:173) ~[spring-context-7.0.9.jar:7.0.9]
	at org.springframework.context.event.SimpleApplicationEventMulticaster.multicastEvent(SimpleApplicationEventMulticaster.java:151) ~[spring-context-7.0.9.jar:7.0.9]
	at org.springframework.context.event.SimpleApplicationEventMulticaster.multicastEvent(SimpleApplicationEventMulticaster.java:133) ~[spring-context-7.0.9.jar:7.0.9]
	at org.springframework.boot.context.event.EventPublishingRunListener.multicastInitialEvent(EventPublishingRunListener.java:137) ~[spring-boot-4.1.1.jar:4.1.1]
	at org.springframework.boot.context.event.EventPublishingRunListener.contextLoaded(EventPublishingRunListener.java:99) ~[spring-boot-4.1.1.jar:4.1.1]
	at org.springframework.boot.SpringApplicationRunListeners.lambda$contextLoaded$0(SpringApplicationRunListeners.java:74) ~[spring-boot-4.1.1.jar:4.1.1]
	at java.base/java.util.ImmutableCollections$List12.forEach(ImmutableCollections.java:681) ~[na:na]
	at org.springframework.boot.SpringApplicationRunListeners.doWithListeners(SpringApplicationRunListeners.java:123) ~[spring-boot-4.1.1.jar:4.1.1]
	at org.springframework.boot.SpringApplicationRunListeners.doWithListeners(SpringApplicationRunListeners.java:117) ~[spring-boot-4.1.1.jar:4.1.1]
	at org.springframework.boot.SpringApplicationRunListeners.contextLoaded(SpringApplicationRunListeners.java:74) ~[spring-boot-4.1.1.jar:4.1.1]
	at org.springframework.boot.SpringApplication.prepareContext(SpringApplication.java:418) ~[spring-boot-4.1.1.jar:4.1.1]
	at org.springframework.boot.SpringApplication.run(SpringApplication.java:320) ~[spring-boot-4.1.1.jar:4.1.1]
	at org.springframework.boot.SpringApplication.run(SpringApplication.java:1365) ~[spring-boot-4.1.1.jar:4.1.1]
	at org.springframework.boot.SpringApplication.run(SpringApplication.java:1354) ~[spring-boot-4.1.1.jar:4.1.1]
	at com.example.servicio.ServicioApplication.main(ServicioApplication.java:30) ~[classes/:na]

2026-09-21T19:58:57.318-05:00  INFO 196051 --- [servicio-mongodb] [main] c.example.servicio.ServicioApplication   : Starting ServicioApplication using Java 25.0.4.1 with PID 196051 (/home/South_Knight/Documentos/projecto_final/Proyecto2_JPA/servicio/target/classes started by South_Knight in /home/South_Knight/Documentos/projecto_final/Proyecto2_JPA/servicio)
2026-09-21T19:58:57.325-05:00  INFO 196051 --- [servicio-mongodb] [main] c.example.servicio.ServicioApplication   : No active profile set, falling back to 1 default profile: "default"
2026-09-21T19:58:57.742-05:00  INFO 196051 --- [servicio-mongodb] [main] .s.b.d.c.l.DockerComposeLifecycleManager : Using Docker Compose file /home/South_Knight/Documentos/projecto_final/Proyecto2_JPA/servicio/compose.yaml
2026-09-21T19:59:02.225-05:00  INFO 196051 --- [servicio-mongodb] [OutputReader-stderr] o.s.boot.docker.compose.core.DockerCli   : time="2026-09-21T19:59:02-05:00" level=warning msg="Found orphan containers (servicio-postgres-1, servicio-mysql-1) for this project. If you removed or renamed this service in your compose file, you can run this command with the --remove-orphans flag to clean it up."
2026-09-21T19:59:02.466-05:00  INFO 196051 --- [servicio-mongodb] [OutputReader-stderr] o.s.boot.docker.compose.core.DockerCli   :  Container servicio-mongodb-1 Starting 
2026-09-21T19:59:03.849-05:00  INFO 196051 --- [servicio-mongodb] [OutputReader-stderr] o.s.boot.docker.compose.core.DockerCli   : Error response from daemon: failed to set up container networking: network a456c64dbe42d6967649051f8979ba0c0cb10102f8569d04fa3b48a4e3f449e5 not found
2026-09-21T19:59:04.631-05:00  INFO 196051 --- [servicio-mongodb] [main] .s.b.d.c.l.DockerComposeLifecycleManager : docker compose up failed with the following logs:

mongodb-1  | {"t":{"$date":"2026-09-21T22:16:35.876+00:00"},"s":"I",  "c":"-",        "id":8991200, "ctx":"main","msg":"Shuffling initializers","attr":{"seed":163376313}}
mongodb-1  | about to fork child process, waiting until server is ready for connections.
mongodb-1  | forked process: 28
mongodb-1  | 
mongodb-1  | {"t":{"$date":"2026-09-21T22:16:35.923+00:00"},"s":"I",  "c":"CONTROL",  "id":20698,   "ctx":"main","msg":"***** SERVER RESTARTED *****"}
mongodb-1  | {"t":{"$date":"2026-09-21T22:16:35.987+00:00"},"s":"I",  "c":"CONTROL",  "id":97374,   "ctx":"main","msg":"Automatically disabling TLS 1.0 and TLS 1.1, to force-enable TLS 1.1 specify --sslDisabledProtocols 'TLS1_0'; to force-enable TLS 1.0 specify --sslDisabledProtocols 'none'"}
mongodb-1  | {"t":{"$date":"2026-09-21T22:16:36.004+00:00"},"s":"I",  "c":"CONTROL",  "id":10500903,"ctx":"main","msg":"Not initializing OpenTelemetry metrics"}
mongodb-1  | {"t":{"$date":"2026-09-21T22:16:36.006+00:00"},"s":"I",  "c":"EXECUTOR", "id":11280000,"ctx":"main","msg":"Starting thread pool","attr":{"poolName":"AuthorizationRouter","numThreads":0,"minThreads":0,"maxThreads":1000000000}}
mongodb-1  | {"t":{"$date":"2026-09-21T22:16:36.006+00:00"},"s":"I",  "c":"EXECUTOR", "id":11280000,"ctx":"main","msg":"Starting thread pool","attr":{"poolName":"ThreadPool1","numThreads":0,"minThreads":0,"maxThreads":1}}
mongodb-1  | {"t":{"$date":"2026-09-21T22:16:36.011+00:00"},"s":"I",  "c":"NETWORK",  "id":4915701, "ctx":"main","msg":"Initialized wire specification","attr":{"spec":{"incomingExternalClient":{"minWireVersion":0,"maxWireVersion":28},"incomingInternalClient":{"minWireVersion":0,"maxWireVersion":28},"outgoing":{"minWireVersion":6,"maxWireVersion":28},"isInternalClient":true}}}
mongodb-1  | {"t":{"$date":"2026-09-21T22:16:36.011+00:00"},"s":"I",  "c":"CONTROL",  "id":9859700, "ctx":"main","msg":"Not initializing OpenTelemetry"}
mongodb-1  | {"t":{"$date":"2026-09-21T22:16:36.012+00:00"},"s":"I",  "c":"CONTROL",  "id":5945603, "ctx":"main","msg":"Multi threading initialized"}
mongodb-1  | {"t":{"$date":"2026-09-21T22:16:36.012+00:00"},"s":"I",  "c":"EXECUTOR", "id":11280000,"ctx":"main","msg":"Starting thread pool","attr":{"poolName":"ReadWriteConcernDefaults","numThreads":0,"minThreads":0,"maxThreads":1}}
mongodb-1  | {"t":{"$date":"2026-09-21T22:16:36.013+00:00"},"s":"I",  "c":"CONTROL",  "id":4615611, "ctx":"initandlisten","msg":"MongoDB starting","attr":{"pid":28,"port":27017,"dbPath":"/data/db","architecture":"64-bit","host":"e6d53304f585"}}
mongodb-1  | {"t":{"$date":"2026-09-21T22:16:36.042+00:00"},"s":"I",  "c":"CONTROL",  "id":23403,   "ctx":"initandlisten","msg":"Build Info","attr":{"buildInfo":{"version":"8.3.11","gitVersion":"b8b83d6e6e1aed495578ad8c6f9234ad329c9955","openSSLVersion":"OpenSSL 3.0.13 30 Jan 2024","modules":[],"allocator":"tcmalloc-google","environment":{"distmod":"ubuntu2404","distarch":"x86_64","target_arch":"x86_64"}}}}
mongodb-1  | {"t":{"$date":"2026-09-21T22:16:36.042+00:00"},"s":"I",  "c":"CONTROL",  "id":51765,   "ctx":"initandlisten","msg":"Operating System","attr":{"os":{"name":"Ubuntu","version":"24.04"}}}
mongodb-1  | {"t":{"$date":"2026-09-21T22:16:36.042+00:00"},"s":"I",  "c":"CONTROL",  "id":21951,   "ctx":"initandlisten","msg":"Options set by command line","attr":{"options":{"net":{"bindIp":"127.0.0.1","port":27017,"tls":{"mode":"disabled"}},"processManagement":{"fork":true,"pidFilePath":"/tmp/docker-entrypoint-temp-mongod.pid"},"systemLog":{"destination":"file","logAppend":true,"path":"/proc/1/fd/1"}}}}
mongodb-1  | {"t":{"$date":"2026-09-21T22:16:36.043+00:00"},"s":"I",  "c":"EXECUTOR", "id":11280000,"ctx":"initandlisten","msg":"Starting thread pool","attr":{"poolName":"OCSPManagerHTTP","numThreads":0,"minThreads":1,"maxThreads":10}}
mongodb-1  | {"t":{"$date":"2026-09-21T22:16:36.092+00:00"},"s":"I",  "c":"NETWORK",  "id":4648601, "ctx":"initandlisten","msg":"Implicit TCP FastOpen unavailable. If TCP FastOpen is required, set at least one of the related parameters","attr":{"relatedParameters":["tcpFastOpenServer","tcpFastOpenClient","tcpFastOpenQueueSize"]}}
mongodb-1  | {"t":{"$date":"2026-09-21T22:16:36.120+00:00"},"s":"I",  "c":"STORAGE",  "id":22315,   "ctx":"initandlisten","msg":"Opening WiredTiger","attr":{"config":"create,cache_size=1155M,session_max=33000,eviction=(threads_min=4,threads_max=4),config_base=false,statistics=(fast),log=(enabled=true,remove=true,path=journal,compressor=snappy),builtin_extension_config=(zstd=(compression_level=6)),file_manager=(close_idle_time=600,close_scan_interval=10,close_handle_minimum=2000),statistics_log=(wait=0),json_output=(error,message),verbose=[recovery_progress:1,checkpoint_progress:1,compact_progress:1,live_restore_progress:1,backup:0,checkpoint:0,compact:0,disaggregated_storage:0,eviction:0,fileops:0,history_store:0,live_restore:0,recovery:0,rts:0,salvage:0,tiered:0,timestamp:0,transaction:0,verify:0,log:0],prefetch=(available=true,default=false),"}}
mongodb-1  | {"t":{"$date":"2026-09-21T22:16:36.174+00:00"},"s":"I",  "c":"WTRECOV",  "id":22430,   "ctx":"initandlisten","msg":"WiredTiger message","attr":{"message":{"ts_sec":1790028996,"ts_usec":174149,"thread":"28:0x7fc48eca3f80","session_name":"wiredtiger_open","category":"WT_VERB_RECOVERY","log_id":1000000,"category_id":34,"verbose_level":"INFO","verbose_level_id":0,"msg":"opening the WiredTiger library"}}}
mongodb-1  | {"t":{"$date":"2026-09-21T22:16:36.884+00:00"},"s":"I",  "c":"WTRECOV",  "id":22430,   "ctx":"initandlisten","msg":"WiredTiger message","attr":{"message":{"ts_sec":1790028996,"ts_usec":883813,"thread":"28:0x7fc48eca3f80","session_name":"connection","category":"WT_VERB_RECOVERY","log_id":1000000,"category_id":34,"verbose_level":"INFO","verbose_level_id":0,"msg":"connection configuration string parsing completed"}}}
mongodb-1  | {"t":{"$date":"2026-09-21T22:16:36.947+00:00"},"s":"I",  "c":"WTRECOV",  "id":22430,   "ctx":"initandlisten","msg":"WiredTiger message","attr":{"message":{"ts_sec":1790028996,"ts_usec":947358,"thread":"28:0x7fc48eca3f80","session_name":"connection","category":"WT_VERB_RECOVERY","log_id":1000000,"category_id":34,"verbose_level":"INFO","verbose_level_id":0,"msg":"starting WiredTiger utility threads"}}}
mongodb-1  | {"t":{"$date":"2026-09-21T22:16:37.633+00:00"},"s":"I",  "c":"WTRECOV",  "id":22430,   "ctx":"initandlisten","msg":"WiredTiger message","attr":{"message":{"ts_sec":1790028997,"ts_usec":633571,"thread":"28:0x7fc48eca3f80","session_name":"connection","category":"WT_VERB_RECOVERY","log_id":1000000,"category_id":34,"verbose_level":"INFO","verbose_level_id":0,"msg":"starting WiredTiger recovery"}}}
mongodb-1  | {"t":{"$date":"2026-09-21T22:16:37.634+00:00"},"s":"I",  "c":"WTRECOV",  "id":22430,   "ctx":"initandlisten","msg":"WiredTiger message","attr":{"message":{"ts_sec":1790028997,"ts_usec":634669,"thread":"28:0x7fc48eca3f80","session_name":"txn-recover","category":"WT_VERB_RECOVERY","log_id":1000000,"category_id":34,"verbose_level":"INFO","verbose_level_id":0,"msg":"scanning metadata to remove all incomplete tables"}}}
mongodb-1  | {"t":{"$date":"2026-09-21T22:16:37.634+00:00"},"s":"I",  "c":"WTRECOV",  "id":22430,   "ctx":"initandlisten","msg":"WiredTiger message","attr":{"message":{"ts_sec":1790028997,"ts_usec":634806,"thread":"28:0x7fc48eca3f80","session_name":"txn-recover","category":"WT_VERB_RECOVERY","log_id":1000000,"category_id":34,"verbose_level":"INFO","verbose_level_id":0,"msg":"scanning metadata to find the largest file ID"}}}
mongodb-1  | {"t":{"$date":"2026-09-21T22:16:37.634+00:00"},"s":"I",  "c":"WTRECOV",  "id":22430,   "ctx":"initandlisten","msg":"WiredTiger message","attr":{"message":{"ts_sec":1790028997,"ts_usec":634888,"thread":"28:0x7fc48eca3f80","session_name":"txn-recover","category":"WT_VERB_RECOVERY","log_id":1000000,"category_id":34,"verbose_level":"INFO","verbose_level_id":0,"msg":"largest file ID found in the metadata 0"}}}
mongodb-1  | {"t":{"$date":"2026-09-21T22:16:37.635+00:00"},"s":"I",  "c":"WTRECOV",  "id":22430,   "ctx":"initandlisten","msg":"WiredTiger message","attr":{"message":{"ts_sec":1790028997,"ts_usec":634960,"thread":"28:0x7fc48eca3f80","session_name":"txn-recover","category":"WT_VERB_RECOVERY","log_id":1000000,"category_id":34,"verbose_level":"INFO","verbose_level_id":0,"msg":"recovery log replay has successfully finished and ran for 1 milliseconds"}}}
mongodb-1  | {"t":{"$date":"2026-09-21T22:16:37.635+00:00"},"s":"I",  "c":"WTRECOV",  "id":22430,   "ctx":"initandlisten","msg":"WiredTiger message","attr":{"message":{"ts_sec":1790028997,"ts_usec":635034,"thread":"28:0x7fc48eca3f80","session_name":"txn-recover","category":"WT_VERB_RECOVERY_PROGRESS","log_id":1000000,"category_id":35,"verbose_level":"DEBUG_1","verbose_level_id":1,"msg":"Set global recovery timestamp: (0, 0)"}}}
mongodb-1  | {"t":{"$date":"2026-09-21T22:16:37.635+00:00"},"s":"I",  "c":"WTRECOV",  "id":22430,   "ctx":"initandlisten","msg":"WiredTiger message","attr":{"message":{"ts_sec":1790028997,"ts_usec":635100,"thread":"28:0x7fc48eca3f80","session_name":"txn-recover","category":"WT_VERB_RECOVERY_PROGRESS","log_id":1000000,"category_id":35,"verbose_level":"DEBUG_1","verbose_level_id":1,"msg":"Set global oldest timestamp: (0, 0)"}}}
mongodb-1  | {"t":{"$date":"2026-09-21T22:16:37.635+00:00"},"s":"I",  "c":"WTRECOV",  "id":22430,   "ctx":"initandlisten","msg":"WiredTiger message","attr":{"message":{"ts_sec":1790028997,"ts_usec":635211,"thread":"28:0x7fc48eca3f80","session_name":"txn-recover","category":"WT_VERB_RECOVERY","log_id":1493201,"category_id":34,"verbose_level":"INFO","verbose_level_id":0,"msg":"recovery was completed successfully and took 1ms, including 1ms for the log replay, 0ms for the rollback to stable, and 0ms for the checkpoint."}}}
mongodb-1  | {"t":{"$date":"2026-09-21T22:16:37.635+00:00"},"s":"I",  "c":"WTRECOV",  "id":22430,   "ctx":"initandlisten","msg":"WiredTiger message","attr":{"message":{"ts_sec":1790028997,"ts_usec":635283,"thread":"28:0x7fc48eca3f80","session_name":"txn-recover","category":"WT_VERB_RECOVERY_PROGRESS","log_id":1493201,"category_id":35,"verbose_level":"INFO","verbose_level_id":0,"msg":"recovery was completed successfully and took 1ms, including 1ms for the log replay, 0ms for the rollback to stable, and 0ms for the checkpoint."}}}
mongodb-1  | {"t":{"$date":"2026-09-21T22:16:37.693+00:00"},"s":"I",  "c":"WTEVICT",  "id":22430,   "ctx":"initandlisten","msg":"WiredTiger message","attr":{"message":{"ts_sec":1790028997,"ts_usec":693735,"thread":"28:0x7fc48eca3f80","session_name":"connection","category":"WT_VERB_EVICTION","log_id":1000000,"category_id":15,"verbose_level":"INFO","verbose_level_id":0,"msg":"starting eviction threads"}}}
mongodb-1  | {"t":{"$date":"2026-09-21T22:16:37.709+00:00"},"s":"I",  "c":"WTRECOV",  "id":22430,   "ctx":"initandlisten","msg":"WiredTiger message","attr":{"message":{"ts_sec":1790028997,"ts_usec":709015,"thread":"28:0x7fc48eca3f80","session_name":"connection","category":"WT_VERB_RECOVERY","log_id":1000000,"category_id":34,"verbose_level":"INFO","verbose_level_id":0,"msg":"WiredTiger utility threads started successfully"}}}
mongodb-1  | {"t":{"$date":"2026-09-21T22:16:37.709+00:00"},"s":"I",  "c":"WTRECOV",  "id":22430,   "ctx":"initandlisten","msg":"WiredTiger message","attr":{"message":{"ts_sec":1790028997,"ts_usec":709168,"thread":"28:0x7fc48eca3f80","session_name":"connection","category":"WT_VERB_RECOVERY","log_id":1000000,"category_id":34,"verbose_level":"INFO","verbose_level_id":0,"msg":"the WiredTiger library has successfully opened"}}}
mongodb-1  | {"t":{"$date":"2026-09-21T22:16:37.709+00:00"},"s":"I",  "c":"STORAGE",  "id":4795906, "ctx":"initandlisten","msg":"WiredTiger opened","attr":{"durationMillis":1586}}
mongodb-1  | {"t":{"$date":"2026-09-21T22:16:37.709+00:00"},"s":"I",  "c":"RECOVERY", "id":23987,   "ctx":"initandlisten","msg":"WiredTiger recoveryTimestamp","attr":{"recoveryTimestamp":{"$timestamp":{"t":0,"i":0}}}}
mongodb-1  | {"t":{"$date":"2026-09-21T22:16:37.709+00:00"},"s":"I",  "c":"STORAGE",  "id":9086700, "ctx":"initandlisten","msg":"WiredTiger session cache max value has been set","attr":{"sessionCacheMax":16500}}
mongodb-1  | {"t":{"$date":"2026-09-21T22:16:37.808+00:00"},"s":"I",  "c":"STORAGE",  "id":10158000,"ctx":"initandlisten","msg":"Opening spill WiredTiger","attr":{"config":"create,cache_size=100M,session_max=1024,eviction=(threads_min=1,threads_max=1),eviction_dirty_target=5MB,eviction_dirty_trigger=80MB,eviction_updates_trigger=80MB,config_base=false,statistics=(fast),builtin_extension_config=(zstd=(compression_level=-7)),file_manager=(close_idle_time=600,close_scan_interval=10,close_handle_minimum=2000),statistics_log=(wait=0),json_output=(error,message),verbose=[recovery_progress:1,checkpoint_progress:1,compact_progress:1,live_restore_progress:1,backup:0,checkpoint:0,compact:0,disaggregated_storage:0,eviction:0,fileops:0,history_store:0,live_restore:0,recovery:0,rts:0,salvage:0,tiered:0,timestamp:0,transaction:0,verify:0,log:0],"}}
mongodb-1  | {"t":{"$date":"2026-09-21T22:16:37.834+00:00"},"s":"I",  "c":"WTRECOV",  "id":22430,   "ctx":"initandlisten","msg":"WiredTiger message","attr":{"message":{"ts_sec":1790028997,"ts_usec":834730,"thread":"28:0x7fc48eca3f80","session_name":"wiredtiger_open","category":"WT_VERB_RECOVERY","log_id":1000000,"category_id":34,"verbose_level":"INFO","verbose_level_id":0,"msg":"opening the WiredTiger library"}}}
mongodb-1  | {"t":{"$date":"2026-09-21T22:16:37.858+00:00"},"s":"I",  "c":"WTRECOV",  "id":22430,   "ctx":"initandlisten","msg":"WiredTiger message","attr":{"message":{"ts_sec":1790028997,"ts_usec":858862,"thread":"28:0x7fc48eca3f80","session_name":"connection","category":"WT_VERB_RECOVERY","log_id":1000000,"category_id":34,"verbose_level":"INFO","verbose_level_id":0,"msg":"connection configuration string parsing completed"}}}
mongodb-1  | {"t":{"$date":"2026-09-21T22:16:37.924+00:00"},"s":"I",  "c":"WTRECOV",  "id":22430,   "ctx":"initandlisten","msg":"WiredTiger message","attr":{"message":{"ts_sec":1790028997,"ts_usec":924849,"thread":"28:0x7fc48eca3f80","session_name":"connection","category":"WT_VERB_RECOVERY","log_id":1000000,"category_id":34,"verbose_level":"INFO","verbose_level_id":0,"msg":"starting WiredTiger utility threads"}}}
mongodb-1  | {"t":{"$date":"2026-09-21T22:16:37.926+00:00"},"s":"I",  "c":"WTRECOV",  "id":22430,   "ctx":"initandlisten","msg":"WiredTiger message","attr":{"message":{"ts_sec":1790028997,"ts_usec":926183,"thread":"28:0x7fc48eca3f80","session_name":"connection","category":"WT_VERB_RECOVERY","log_id":1000000,"category_id":34,"verbose_level":"INFO","verbose_level_id":0,"msg":"starting WiredTiger recovery"}}}
mongodb-1  | {"t":{"$date":"2026-09-21T22:16:37.932+00:00"},"s":"I",  "c":"WTRECOV",  "id":22430,   "ctx":"initandlisten","msg":"WiredTiger message","attr":{"message":{"ts_sec":1790028997,"ts_usec":932049,"thread":"28:0x7fc48eca3f80","session_name":"txn-recover","category":"WT_VERB_RECOVERY","log_id":1000000,"category_id":34,"verbose_level":"INFO","verbose_level_id":0,"msg":"scanning metadata to remove all incomplete tables"}}}
mongodb-1  | {"t":{"$date":"2026-09-21T22:16:37.932+00:00"},"s":"I",  "c":"WTRECOV",  "id":22430,   "ctx":"initandlisten","msg":"WiredTiger message","attr":{"message":{"ts_sec":1790028997,"ts_usec":932236,"thread":"28:0x7fc48eca3f80","session_name":"txn-recover","category":"WT_VERB_RECOVERY","log_id":1000000,"category_id":34,"verbose_level":"INFO","verbose_level_id":0,"msg":"scanning metadata to find the largest file ID"}}}
mongodb-1  | {"t":{"$date":"2026-09-21T22:16:37.932+00:00"},"s":"I",  "c":"WTRECOV",  "id":22430,   "ctx":"initandlisten","msg":"WiredTiger message","attr":{"message":{"ts_sec":1790028997,"ts_usec":932576,"thread":"28:0x7fc48eca3f80","session_name":"txn-recover","category":"WT_VERB_RECOVERY","log_id":1000000,"category_id":34,"verbose_level":"INFO","verbose_level_id":0,"msg":"largest file ID found in the metadata 0"}}}
mongodb-1  | {"t":{"$date":"2026-09-21T22:16:37.932+00:00"},"s":"I",  "c":"WTRECOV",  "id":22430,   "ctx":"initandlisten","msg":"WiredTiger message","attr":{"message":{"ts_sec":1790028997,"ts_usec":932638,"thread":"28:0x7fc48eca3f80","session_name":"txn-recover","category":"WT_VERB_RECOVERY","log_id":1000000,"category_id":34,"verbose_level":"INFO","verbose_level_id":0,"msg":"recovery log replay has successfully finished and ran for 0 milliseconds"}}}
mongodb-1  | {"t":{"$date":"2026-09-21T22:16:37.932+00:00"},"s":"I",  "c":"WTRECOV",  "id":22430,   "ctx":"initandlisten","msg":"WiredTiger message","attr":{"message":{"ts_sec":1790028997,"ts_usec":932711,"thread":"28:0x7fc48eca3f80","session_name":"txn-recover","category":"WT_VERB_RECOVERY_PROGRESS","log_id":1000000,"category_id":35,"verbose_level":"DEBUG_1","verbose_level_id":1,"msg":"Set global recovery timestamp: (0, 0)"}}}
mongodb-1  | {"t":{"$date":"2026-09-21T22:16:37.932+00:00"},"s":"I",  "c":"WTRECOV",  "id":22430,   "ctx":"initandlisten","msg":"WiredTiger message","attr":{"message":{"ts_sec":1790028997,"ts_usec":932762,"thread":"28:0x7fc48eca3f80","session_name":"txn-recover","category":"WT_VERB_RECOVERY_PROGRESS","log_id":1000000,"category_id":35,"verbose_level":"DEBUG_1","verbose_level_id":1,"msg":"Set global oldest timestamp: (0, 0)"}}}
mongodb-1  | {"t":{"$date":"2026-09-21T22:16:37.932+00:00"},"s":"I",  "c":"WTRECOV",  "id":22430,   "ctx":"initandlisten","msg":"WiredTiger message","attr":{"message":{"ts_sec":1790028997,"ts_usec":932873,"thread":"28:0x7fc48eca3f80","session_name":"txn-recover","category":"WT_VERB_RECOVERY","log_id":1493201,"category_id":34,"verbose_level":"INFO","verbose_level_id":0,"msg":"recovery was completed successfully and took 1ms, including 0ms for the log replay, 0ms for the rollback to stable, and 0ms for the checkpoint."}}}
mongodb-1  | {"t":{"$date":"2026-09-21T22:16:37.933+00:00"},"s":"I",  "c":"WTRECOV",  "id":22430,   "ctx":"initandlisten","msg":"WiredTiger message","attr":{"message":{"ts_sec":1790028997,"ts_usec":932967,"thread":"28:0x7fc48eca3f80","session_name":"txn-recover","category":"WT_VERB_RECOVERY_PROGRESS","log_id":1493201,"category_id":35,"verbose_level":"INFO","verbose_level_id":0,"msg":"recovery was completed successfully and took 1ms, including 0ms for the log replay, 0ms for the rollback to stable, and 0ms for the checkpoint."}}}
mongodb-1  | {"t":{"$date":"2026-09-21T22:16:38.067+00:00"},"s":"I",  "c":"WTEVICT",  "id":22430,   "ctx":"initandlisten","msg":"WiredTiger message","attr":{"message":{"ts_sec":1790028998,"ts_usec":67017,"thread":"28:0x7fc48eca3f80","session_name":"connection","category":"WT_VERB_EVICTION","log_id":1000000,"category_id":15,"verbose_level":"INFO","verbose_level_id":0,"msg":"starting eviction threads"}}}
mongodb-1  | {"t":{"$date":"2026-09-21T22:16:38.078+00:00"},"s":"I",  "c":"WTRECOV",  "id":22430,   "ctx":"initandlisten","msg":"WiredTiger message","attr":{"message":{"ts_sec":1790028998,"ts_usec":78134,"thread":"28:0x7fc48eca3f80","session_name":"connection","category":"WT_VERB_RECOVERY","log_id":1000000,"category_id":34,"verbose_level":"INFO","verbose_level_id":0,"msg":"WiredTiger utility threads started successfully"}}}
mongodb-1  | {"t":{"$date":"2026-09-21T22:16:38.078+00:00"},"s":"I",  "c":"WTRECOV",  "id":22430,   "ctx":"initandlisten","msg":"WiredTiger message","attr":{"message":{"ts_sec":1790028998,"ts_usec":78789,"thread":"28:0x7fc48eca3f80","session_name":"connection","category":"WT_VERB_RECOVERY","log_id":1000000,"category_id":34,"verbose_level":"INFO","verbose_level_id":0,"msg":"the WiredTiger library has successfully opened"}}}
mongodb-1  | {"t":{"$date":"2026-09-21T22:16:38.079+00:00"},"s":"I",  "c":"STORAGE",  "id":10158001,"ctx":"initandlisten","msg":"Spill WiredTiger opened","attr":{"durationMillis":268}}
mongodb-1  | {"t":{"$date":"2026-09-21T22:16:38.079+00:00"},"s":"I",  "c":"STORAGE",  "id":11503101,"ctx":"initandlisten","msg":"Loading MDB catalog"}
mongodb-1  | {"t":{"$date":"2026-09-21T22:16:38.080+00:00"},"s":"I",  "c":"STORAGE",  "id":11503104,"ctx":"initandlisten","msg":"Creating MDB catalog as it did not already exist"}
mongodb-1  | {"t":{"$date":"2026-09-21T22:16:38.082+00:00"},"s":"I",  "c":"WT",       "id":51780,   "ctx":"initandlisten","msg":"create table","attr":{"uri":"table:_mdb_catalog","config":"type=file,memory_page_max=10M,split_pct=90,leaf_value_max=64MB,checksum=on,block_compressor=snappy,,,,exclusive=true,key_format=q,value_format=u,app_metadata=(formatVersion=1),log=(enabled=true)"}}
mongodb-1  | {"t":{"$date":"2026-09-21T22:16:38.156+00:00"},"s":"I",  "c":"STORAGE",  "id":9529901, "ctx":"initandlisten","msg":"Initializing durable catalog","attr":{"numRecords":0}}
mongodb-1  | {"t":{"$date":"2026-09-21T22:16:38.157+00:00"},"s":"I",  "c":"STORAGE",  "id":9529902, "ctx":"initandlisten","msg":"Retrieving all idents from storage engine"}
mongodb-1  | {"t":{"$date":"2026-09-21T22:16:38.157+00:00"},"s":"I",  "c":"STORAGE",  "id":9529903, "ctx":"initandlisten","msg":"Initializing all collections in durable catalog","attr":{"numEntries":0}}
mongodb-1  | {"t":{"$date":"2026-09-21T22:16:38.208+00:00"},"s":"I",  "c":"STORAGE",  "id":11503103,"ctx":"initandlisten","msg":"Initializing collection catalog"}
mongodb-1  | {"t":{"$date":"2026-09-21T22:16:38.210+00:00"},"s":"W",  "c":"CONTROL",  "id":22120,   "ctx":"initandlisten","msg":"Access control is not enabled for the database. Read and write access to data and configuration is unrestricted","tags":["startupWarnings"]}
mongodb-1  | {"t":{"$date":"2026-09-21T22:16:38.211+00:00"},"s":"W",  "c":"CONTROL",  "id":22184,   "ctx":"initandlisten","msg":"Soft rlimits for open file descriptors too low","attr":{"currentValue":1024,"recommendedMinimum":64000},"tags":["startupWarnings"]}
mongodb-1  | {"t":{"$date":"2026-09-21T22:16:38.213+00:00"},"s":"W",  "c":"CONTROL",  "id":9068900, "ctx":"initandlisten","msg":"For customers running the current memory allocator, we suggest changing the contents of the following sysfsFile","attr":{"allocator":"tcmalloc-google","sysfsFile":"/sys/kernel/mm/transparent_hugepage/enabled","currentValue":"never","desiredValue":"always"},"tags":["startupWarnings"]}
mongodb-1  | {"t":{"$date":"2026-09-21T22:16:38.214+00:00"},"s":"W",  "c":"CONTROL",  "id":9068900, "ctx":"initandlisten","msg":"For customers running the current memory allocator, we suggest changing the contents of the following sysfsFile","attr":{"allocator":"tcmalloc-google","sysfsFile":"/sys/kernel/mm/transparent_hugepage/defrag","currentValue":"madvise","desiredValue":"defer+madvise"},"tags":["startupWarnings"]}
mongodb-1  | {"t":{"$date":"2026-09-21T22:16:38.214+00:00"},"s":"W",  "c":"CONTROL",  "id":8640302, "ctx":"initandlisten","msg":"We suggest setting the contents of sysfsFile to 0.","attr":{"sysfsFile":"/sys/kernel/mm/transparent_hugepage/khugepaged/max_ptes_none","currentValue":511},"tags":["startupWarnings"]}
mongodb-1  | {"t":{"$date":"2026-09-21T22:16:38.215+00:00"},"s":"W",  "c":"CONTROL",  "id":8386700, "ctx":"initandlisten","msg":"We suggest setting swappiness to 0 or 1, as swapping can cause performance problems.","attr":{"sysfsFile":"/proc/sys/vm/swappiness","currentValue":20},"tags":["startupWarnings"]}
mongodb-1  | {"t":{"$date":"2026-09-21T22:16:38.218+00:00"},"s":"I",  "c":"STORAGE",  "id":20320,   "ctx":"initandlisten","msg":"createCollection","attr":{"namespace":"admin.system.version","uuidDisposition":"provided","uuid":{"uuid":{"$uuid":"1d1fc4d8-38da-4c1a-8950-802301ac2274"}},"options":{"uuid":{"$uuid":"1d1fc4d8-38da-4c1a-8950-802301ac2274"}},"recordIdsReplicated disposition":"computed","recordIdsReplicated":false}}
mongodb-1  | {"t":{"$date":"2026-09-21T22:16:38.219+00:00"},"s":"I",  "c":"WT",       "id":51780,   "ctx":"initandlisten","msg":"create table","attr":{"uri":"table:collection-f7c042d8-2c3d-42f0-a5b5-e542973d7c6e","config":"type=file,memory_page_max=10M,split_pct=90,leaf_value_max=64MB,checksum=on,block_compressor=snappy,,,,exclusive=true,key_format=q,value_format=u,app_metadata=(formatVersion=1),log=(enabled=true)"}}
mongodb-1  | {"t":{"$date":"2026-09-21T22:16:38.350+00:00"},"s":"I",  "c":"WT",       "id":51780,   "ctx":"initandlisten","msg":"create table","attr":{"uri":"table:index-832f763e-d712-47aa-91f0-285005905353","config":"type=file,internal_page_max=16k,leaf_page_max=16k,checksum=on,prefix_compression=true,,,,,key_format=u,value_format=u,exclusive=true,app_metadata=(formatVersion=8),log=(enabled=true)"}}
mongodb-1  | {"t":{"$date":"2026-09-21T22:16:38.389+00:00"},"s":"I",  "c":"INDEX",    "id":20345,   "ctx":"initandlisten","msg":"Index build: done building","attr":{"buildUUID":null,"collectionUUID":{"uuid":{"$uuid":"1d1fc4d8-38da-4c1a-8950-802301ac2274"}},"namespace":"admin.system.version","index":"_id_","ident":"index-832f763e-d712-47aa-91f0-285005905353","collectionIdent":"collection-f7c042d8-2c3d-42f0-a5b5-e542973d7c6e","commitTimestamp":null}}
mongodb-1  | {"t":{"$date":"2026-09-21T22:16:38.389+00:00"},"s":"I",  "c":"REPL",     "id":20459,   "ctx":"initandlisten","msg":"Setting featureCompatibilityVersion","attr":{"newVersion":"8.3"}}
mongodb-1  | {"t":{"$date":"2026-09-21T22:16:38.390+00:00"},"s":"I",  "c":"REPL",     "id":5853300, "ctx":"initandlisten","msg":"current featureCompatibilityVersion value","attr":{"featureCompatibilityVersion":"8.3","context":"setFCV"}}
mongodb-1  | {"t":{"$date":"2026-09-21T22:16:38.391+00:00"},"s":"I",  "c":"NETWORK",  "id":4915702, "ctx":"initandlisten","msg":"Updated wire specification","attr":{"oldSpec":{"incomingExternalClient":{"minWireVersion":0,"maxWireVersion":28},"incomingInternalClient":{"minWireVersion":0,"maxWireVersion":28},"outgoing":{"minWireVersion":6,"maxWireVersion":28},"isInternalClient":true},"newSpec":{"incomingExternalClient":{"minWireVersion":0,"maxWireVersion":28},"incomingInternalClient":{"minWireVersion":28,"maxWireVersion":28},"outgoing":{"minWireVersion":28,"maxWireVersion":28},"isInternalClient":true}}}
mongodb-1  | {"t":{"$date":"2026-09-21T22:16:38.394+00:00"},"s":"I",  "c":"NETWORK",  "id":4915702, "ctx":"initandlisten","msg":"Updated wire specification","attr":{"oldSpec":{"incomingExternalClient":{"minWireVersion":0,"maxWireVersion":28},"incomingInternalClient":{"minWireVersion":28,"maxWireVersion":28},"outgoing":{"minWireVersion":28,"maxWireVersion":28},"isInternalClient":true},"newSpec":{"incomingExternalClient":{"minWireVersion":0,"maxWireVersion":28},"incomingInternalClient":{"minWireVersion":28,"maxWireVersion":28},"outgoing":{"minWireVersion":28,"maxWireVersion":28},"isInternalClient":true}}}
mongodb-1  | {"t":{"$date":"2026-09-21T22:16:38.395+00:00"},"s":"I",  "c":"REPL",     "id":5853300, "ctx":"initandlisten","msg":"current featureCompatibilityVersion value","attr":{"featureCompatibilityVersion":"8.3","context":"startup"}}
mongodb-1  | {"t":{"$date":"2026-09-21T22:16:38.395+00:00"},"s":"I",  "c":"STORAGE",  "id":5071100, "ctx":"initandlisten","msg":"Clearing temp directory"}
mongodb-1  | {"t":{"$date":"2026-09-21T22:16:38.396+00:00"},"s":"I",  "c":"STORAGE",  "id":10682200,"ctx":"initandlisten","msg":"Dropping spill idents","attr":{"numIdents":0}}
mongodb-1  | {"t":{"$date":"2026-09-21T22:16:38.397+00:00"},"s":"I",  "c":"CONTROL",  "id":6608200, "ctx":"initandlisten","msg":"Initializing cluster server parameters from disk"}
mongodb-1  | {"t":{"$date":"2026-09-21T22:16:38.397+00:00"},"s":"I",  "c":"CONTROL",  "id":20536,   "ctx":"initandlisten","msg":"Flow Control is enabled on this deployment"}
mongodb-1  | {"t":{"$date":"2026-09-21T22:16:38.400+00:00"},"s":"I",  "c":"FTDC",     "id":20625,   "ctx":"initandlisten","msg":"Initializing full-time diagnostic data capture","attr":{"dataDirectory":"/data/db/diagnostic.data"}}
mongodb-1  | {"t":{"$date":"2026-09-21T22:16:38.400+00:00"},"s":"I",  "c":"QUERY",    "id":8972602, "ctx":"initandlisten","msg":"Setting up MozJS engine."}
mongodb-1  | {"t":{"$date":"2026-09-21T22:16:38.401+00:00"},"s":"I",  "c":"EXECUTOR", "id":11280000,"ctx":"initandlisten","msg":"Starting thread pool","attr":{"poolName":"deferred writer pool","numThreads":0,"minThreads":0,"maxThreads":1}}
mongodb-1  | {"t":{"$date":"2026-09-21T22:16:38.402+00:00"},"s":"I",  "c":"EXECUTOR", "id":11280000,"ctx":"initandlisten","msg":"Starting thread pool","attr":{"poolName":"StandaloneThreadPool","numThreads":0,"minThreads":1,"maxThreads":1000000000}}
mongodb-1  | {"t":{"$date":"2026-09-21T22:16:38.403+00:00"},"s":"I",  "c":"EXECUTOR", "id":11280000,"ctx":"initandlisten","msg":"Starting thread pool","attr":{"poolName":"WaitForMajorityServiceReadThreadPool","numThreads":0,"minThreads":0,"maxThreads":2}}
mongodb-1  | {"t":{"$date":"2026-09-21T22:16:38.404+00:00"},"s":"I",  "c":"EXECUTOR", "id":11280000,"ctx":"initandlisten","msg":"Starting thread pool","attr":{"poolName":"WaitForMajorityServiceWriteThreadPool","numThreads":0,"minThreads":0,"maxThreads":2}}
mongodb-1  | {"t":{"$date":"2026-09-21T22:16:38.405+00:00"},"s":"I",  "c":"STORAGE",  "id":20320,   "ctx":"initandlisten","msg":"createCollection","attr":{"namespace":"local.startup_log","uuidDisposition":"generated","uuid":{"uuid":{"$uuid":"e4c7d926-4e94-49e3-beee-33114e1eac2b"}},"options":{"capped":true,"size":10485760},"recordIdsReplicated disposition":"computed","recordIdsReplicated":false}}
mongodb-1  | {"t":{"$date":"2026-09-21T22:16:38.405+00:00"},"s":"I",  "c":"WT",       "id":51780,   "ctx":"initandlisten","msg":"create table","attr":{"uri":"table:collection-93f1b0e9-74df-42e5-9a47-063bd2fd41ad","config":"type=file,memory_page_max=10M,split_pct=90,leaf_value_max=64MB,checksum=on,block_compressor=snappy,,,,exclusive=true,key_format=q,value_format=u,app_metadata=(formatVersion=1),log=(enabled=true)"}}
mongodb-1  | {"t":{"$date":"2026-09-21T22:16:38.479+00:00"},"s":"I",  "c":"WT",       "id":51780,   "ctx":"initandlisten","msg":"create table","attr":{"uri":"table:index-8ee2ab17-4a4e-4beb-924c-b64ad7b3b70d","config":"type=file,internal_page_max=16k,leaf_page_max=16k,checksum=on,prefix_compression=true,,,,,key_format=u,value_format=u,exclusive=true,app_metadata=(formatVersion=8),log=(enabled=true)"}}
mongodb-1  | {"t":{"$date":"2026-09-21T22:16:38.562+00:00"},"s":"I",  "c":"INDEX",    "id":20345,   "ctx":"initandlisten","msg":"Index build: done building","attr":{"buildUUID":null,"collectionUUID":{"uuid":{"$uuid":"e4c7d926-4e94-49e3-beee-33114e1eac2b"}},"namespace":"local.startup_log","index":"_id_","ident":"index-8ee2ab17-4a4e-4beb-924c-b64ad7b3b70d","collectionIdent":"collection-93f1b0e9-74df-42e5-9a47-063bd2fd41ad","commitTimestamp":null}}
mongodb-1  | {"t":{"$date":"2026-09-21T22:16:38.562+00:00"},"s":"I",  "c":"REPL",     "id":6015317, "ctx":"initandlisten","msg":"Setting new configuration state","attr":{"newState":"ConfigReplicationDisabled","oldState":"ConfigPreStart"}}
mongodb-1  | {"t":{"$date":"2026-09-21T22:16:38.563+00:00"},"s":"I",  "c":"EXECUTOR", "id":11280000,"ctx":"initandlisten","msg":"Starting thread pool","attr":{"poolName":"TTLMonitorMetadataRefresh","numThreads":0,"minThreads":0,"maxThreads":5}}
mongodb-1  | {"t":{"$date":"2026-09-21T22:16:38.563+00:00"},"s":"I",  "c":"STORAGE",  "id":22262,   "ctx":"initandlisten","msg":"Timestamp monitor starting"}
mongodb-1  | {"t":{"$date":"2026-09-21T22:16:38.565+00:00"},"s":"I",  "c":"STORAGE",  "id":7333401, "ctx":"initandlisten","msg":"Starting the DiskSpaceMonitor"}
mongodb-1  | {"t":{"$date":"2026-09-21T22:16:38.570+00:00"},"s":"I",  "c":"EXECUTOR", "id":11280000,"ctx":"initandlisten","msg":"Starting thread pool","attr":{"poolName":"StatsCache","numThreads":0,"minThreads":0,"maxThreads":2}}
mongodb-1  | {"t":{"$date":"2026-09-21T22:16:38.571+00:00"},"s":"I",  "c":"NETWORK",  "id":23015,   "ctx":"listener","msg":"Listening on","attr":{"address":"127.0.0.1:27017"}}
mongodb-1  | {"t":{"$date":"2026-09-21T22:16:38.571+00:00"},"s":"I",  "c":"NETWORK",  "id":23015,   "ctx":"listener","msg":"Listening on","attr":{"address":"/tmp/mongodb-27017.sock"}}
mongodb-1  | {"t":{"$date":"2026-09-21T22:16:38.571+00:00"},"s":"I",  "c":"NETWORK",  "id":23016,   "ctx":"listener","msg":"Waiting for connections","attr":{"port":27017,"ssl":"off"}}
mongodb-1  | {"t":{"$date":"2026-09-21T22:16:38.578+00:00"},"s":"I",  "c":"CONTROL",  "id":8423403, "ctx":"initandlisten","msg":"mongod startup complete","attr":{"Summary of time elapsed":{"Startup from clean shutdown?":true,"Statistics":{"createLockFileMillis":29,"setUpPeriodicRunnerMillis":0,"setUpOCSPMillis":0,"setUpTransportLayerMillis":70,"initSyncCrashRecoveryMillis":0,"getStorageEngineMetadataMillis":0,"createStorageEngineMillis":2040,"writeNewMetadataMillis":51,"initializeFCVForIndexMillis":4,"dropAbandonedIdentsMillis":0,"standaloneClusterParamsMillis":1,"userAndRolesGraphMillis":0,"waitForMajorityServiceMillis":2,"startUpReplCoordMillis":0,"recoverChangeStreamMillis":0,"logStartupOptionsMillis":0,"startUpTransportLayerMillis":1,"initAndListenTotalMillis":2565}}}}
mongodb-1  | child process started successfully, parent exiting
mongodb-1  | {"t":{"$date":"2026-09-21T22:16:38.597+00:00"},"s":"I",  "c":"CONTROL",  "id":20712,   "ctx":"LogicalSessionCacheReap","msg":"Sessions collection is not set up; waiting until next sessions reap interval","attr":{"error":"NamespaceNotFound: config.system.sessions does not exist"}}
mongodb-1  | {"t":{"$date":"2026-09-21T22:16:38.599+00:00"},"s":"I",  "c":"STORAGE",  "id":20320,   "ctx":"LogicalSessionCacheRefresh","msg":"createCollection","attr":{"namespace":"config.system.sessions","uuidDisposition":"generated","uuid":{"uuid":{"$uuid":"88b153c1-b843-419e-aafe-c2daf56f8aa1"}},"options":{},"recordIdsReplicated disposition":"computed","recordIdsReplicated":false}}
mongodb-1  | {"t":{"$date":"2026-09-21T22:16:38.600+00:00"},"s":"I",  "c":"WT",       "id":51780,   "ctx":"LogicalSessionCacheRefresh","msg":"create table","attr":{"uri":"table:collection-c6ca628f-6582-493e-b9e4-c8da048ba9f4","config":"type=file,memory_page_max=10M,split_pct=90,leaf_value_max=64MB,checksum=on,block_compressor=snappy,,,,exclusive=true,key_format=q,value_format=u,app_metadata=(formatVersion=1),log=(enabled=true)"}}
mongodb-1  | {"t":{"$date":"2026-09-21T22:16:38.698+00:00"},"s":"I",  "c":"WT",       "id":51780,   "ctx":"LogicalSessionCacheRefresh","msg":"create table","attr":{"uri":"table:index-4b571bb9-672e-4330-9891-fa816467bbb9","config":"type=file,internal_page_max=16k,leaf_page_max=16k,checksum=on,prefix_compression=true,,,,,key_format=u,value_format=u,exclusive=true,app_metadata=(formatVersion=8),log=(enabled=true)"}}
mongodb-1  | {"t":{"$date":"2026-09-21T22:16:38.909+00:00"},"s":"I",  "c":"WT",       "id":51780,   "ctx":"LogicalSessionCacheRefresh","msg":"create table","attr":{"uri":"table:index-fe2c3a2c-82ce-4b95-8a23-f5b25fac3162","config":"type=file,internal_page_max=16k,leaf_page_max=16k,checksum=on,prefix_compression=true,,,,,key_format=u,value_format=u,exclusive=true,app_metadata=(formatVersion=8),log=(enabled=true)"}}
mongodb-1  | {"t":{"$date":"2026-09-21T22:16:39.054+00:00"},"s":"I",  "c":"INDEX",    "id":20345,   "ctx":"LogicalSessionCacheRefresh","msg":"Index build: done building","attr":{"buildUUID":null,"collectionUUID":{"uuid":{"$uuid":"88b153c1-b843-419e-aafe-c2daf56f8aa1"}},"namespace":"config.system.sessions","index":"_id_","ident":"index-4b571bb9-672e-4330-9891-fa816467bbb9","collectionIdent":"collection-c6ca628f-6582-493e-b9e4-c8da048ba9f4","commitTimestamp":null}}
mongodb-1  | {"t":{"$date":"2026-09-21T22:16:39.055+00:00"},"s":"I",  "c":"INDEX",    "id":20345,   "ctx":"LogicalSessionCacheRefresh","msg":"Index build: done building","attr":{"buildUUID":null,"collectionUUID":{"uuid":{"$uuid":"88b153c1-b843-419e-aafe-c2daf56f8aa1"}},"namespace":"config.system.sessions","index":"lsidTTLIndex","ident":"index-fe2c3a2c-82ce-4b95-8a23-f5b25fac3162","collectionIdent":"collection-c6ca628f-6582-493e-b9e4-c8da048ba9f4","commitTimestamp":null}}
mongodb-1  | {"t":{"$date":"2026-09-21T22:16:39.055+00:00"},"s":"I",  "c":"COMMAND",  "id":51803,   "ctx":"LogicalSessionCacheRefresh","msg":"Slow query","attr":{"type":"command","isFromUserConnection":false,"isFromPriorityPortConnection":false,"ns":"config.system.sessions","collectionType":"system","command":{"createIndexes":"system.sessions","v":2,"indexes":[{"key":{"lastUse":1},"name":"lsidTTLIndex","expireAfterSeconds":1800}],"ignoreUnknownIndexOptions":false,"writeConcern":{"w":1,"wtimeout":0},"$db":"config"},"opid":9216,"numYields":0,"reslen":114,"locks":{"ReplicationStateTransition":{"acquireCount":{"w":2}},"Global":{"acquireCount":{"r":1,"w":2}},"Database":{"acquireCount":{"w":2}},"Collection":{"acquireCount":{"w":2}}},"writeConcern":{"w":1,"wtimeout":0,"provenance":"clientSupplied"},"storage":{"timeWaitingMicros":{"storageEngineMicros":450570}},"cpuNanos":21121177,"protocol":"op_msg","queues":{"ingress":{"admissions":2,"totalTimeQueuedMicros":0},"execution":{"admissions":3,"totalTimeQueuedMicros":0}},"workingMillis":455,"durationMillis":455}}
mongodb-1  | {"t":{"$date":"2026-09-21T22:16:44.363+00:00"},"s":"I",  "c":"NETWORK",  "id":22943,   "ctx":"listener","msg":"Connection accepted","attr":{"remote":"127.0.0.1:34078","isLoadBalanced":false,"isProxyUnixSock":false,"isPriority":false,"uuid":{"uuid":{"$uuid":"ab8f12ac-6755-4439-a2cc-5b21547cf605"}},"connectionId":1,"local":"127.0.0.1:27017","connectionCount":1}}
mongodb-1  | {"t":{"$date":"2026-09-21T22:16:44.386+00:00"},"s":"I",  "c":"NETWORK",  "id":51800,   "ctx":"conn1","msg":"client metadata","attr":{"remote":"127.0.0.1:34078","client":"conn1","negotiatedCompressors":[],"doc":{"application":{"name":"mongosh 2.11.1"},"driver":{"name":"nodejs|mongosh","version":"7.5.0|2.11.1"},"platform":"Node.js v24.18.1, LE","os":{"name":"linux","architecture":"x64","version":"3.10.0-327.22.2.el7.x86_64","type":"Linux"},"env":{"container":{"runtime":"docker"}}}}}
mongodb-1  | {"t":{"$date":"2026-09-21T22:16:44.389+00:00"},"s":"I",  "c":"ACCESS",   "id":10483900,"ctx":"conn1","msg":"Connection not authenticating","attr":{"client":"127.0.0.1:34078","doc":{"application":{"name":"mongosh 2.11.1"},"driver":{"name":"nodejs|mongosh","version":"7.5.0|2.11.1"},"platform":"Node.js v24.18.1, LE","os":{"name":"linux","architecture":"x64","version":"3.10.0-327.22.2.el7.x86_64","type":"Linux"},"env":{"container":{"runtime":"docker"}}}}}
mongodb-1  | {"t":{"$date":"2026-09-21T22:16:44.463+00:00"},"s":"I",  "c":"NETWORK",  "id":22943,   "ctx":"listener","msg":"Connection accepted","attr":{"remote":"127.0.0.1:34088","isLoadBalanced":false,"isProxyUnixSock":false,"isPriority":false,"uuid":{"uuid":{"$uuid":"5a130c57-0f97-4dec-af80-e3db5a369fac"}},"connectionId":2,"local":"127.0.0.1:27017","connectionCount":2}}
mongodb-1  | {"t":{"$date":"2026-09-21T22:16:44.487+00:00"},"s":"I",  "c":"NETWORK",  "id":51800,   "ctx":"conn2","msg":"client metadata","attr":{"remote":"127.0.0.1:34088","client":"conn2","negotiatedCompressors":[],"doc":{"application":{"name":"mongosh 2.11.1"},"driver":{"name":"nodejs|mongosh","version":"7.5.0|2.11.1"},"platform":"Node.js v24.18.1, LE","os":{"name":"linux","architecture":"x64","version":"3.10.0-327.22.2.el7.x86_64","type":"Linux"},"env":{"container":{"runtime":"docker"}}}}}
mongodb-1  | {"t":{"$date":"2026-09-21T22:16:44.487+00:00"},"s":"I",  "c":"ACCESS",   "id":10483900,"ctx":"conn2","msg":"Connection not authenticating","attr":{"client":"127.0.0.1:34088","doc":{"application":{"name":"mongosh 2.11.1"},"driver":{"name":"nodejs|mongosh","version":"7.5.0|2.11.1"},"platform":"Node.js v24.18.1, LE","os":{"name":"linux","architecture":"x64","version":"3.10.0-327.22.2.el7.x86_64","type":"Linux"},"env":{"container":{"runtime":"docker"}}}}}
mongodb-1  | {"t":{"$date":"2026-09-21T22:16:44.680+00:00"},"s":"I",  "c":"NETWORK",  "id":6788700, "ctx":"conn2","msg":"Received first command on ingress connection since session start or auth handshake","attr":{"elapsedMillis":192}}
mongodb-1  | {"t":{"$date":"2026-09-21T22:16:45.308+00:00"},"s":"I",  "c":"NETWORK",  "id":22944,   "ctx":"conn2","msg":"Connection ended","attr":{"remote":"127.0.0.1:34088","isLoadBalanced":false,"isProxyUnixSock":false,"isPriority":false,"uuid":{"uuid":{"$uuid":"5a130c57-0f97-4dec-af80-e3db5a369fac"}},"connectionId":2,"local":"127.0.0.1:27017","connectionCount":1}}
mongodb-1  | {"t":{"$date":"2026-09-21T22:16:45.322+00:00"},"s":"I",  "c":"NETWORK",  "id":22943,   "ctx":"listener","msg":"Connection accepted","attr":{"remote":"127.0.0.1:34090","isLoadBalanced":false,"isProxyUnixSock":false,"isPriority":false,"uuid":{"uuid":{"$uuid":"6206bee8-daec-4407-9ef8-9003b4e8d7b8"}},"connectionId":3,"local":"127.0.0.1:27017","connectionCount":2}}
mongodb-1  | {"t":{"$date":"2026-09-21T22:16:45.323+00:00"},"s":"I",  "c":"NETWORK",  "id":22943,   "ctx":"listener","msg":"Connection accepted","attr":{"remote":"127.0.0.1:34092","isLoadBalanced":false,"isProxyUnixSock":false,"isPriority":false,"uuid":{"uuid":{"$uuid":"c7a76ce7-5dd2-4030-b9b7-d1a43089e5af"}},"connectionId":4,"local":"127.0.0.1:27017","connectionCount":3}}
mongodb-1  | {"t":{"$date":"2026-09-21T22:16:45.359+00:00"},"s":"I",  "c":"NETWORK",  "id":51800,   "ctx":"conn3","msg":"client metadata","attr":{"remote":"127.0.0.1:34090","client":"conn3","negotiatedCompressors":[],"doc":{"application":{"name":"mongosh 2.11.1"},"driver":{"name":"nodejs|mongosh","version":"7.5.0|2.11.1"},"platform":"Node.js v24.18.1, LE","os":{"name":"linux","architecture":"x64","version":"3.10.0-327.22.2.el7.x86_64","type":"Linux"},"env":{"container":{"runtime":"docker"}}}}}
mongodb-1  | {"t":{"$date":"2026-09-21T22:16:45.367+00:00"},"s":"I",  "c":"ACCESS",   "id":10483900,"ctx":"conn3","msg":"Connection not authenticating","attr":{"client":"127.0.0.1:34090","doc":{"application":{"name":"mongosh 2.11.1"},"driver":{"name":"nodejs|mongosh","version":"7.5.0|2.11.1"},"platform":"Node.js v24.18.1, LE","os":{"name":"linux","architecture":"x64","version":"3.10.0-327.22.2.el7.x86_64","type":"Linux"},"env":{"container":{"runtime":"docker"}}}}}
mongodb-1  | {"t":{"$date":"2026-09-21T22:16:45.372+00:00"},"s":"I",  "c":"NETWORK",  "id":51800,   "ctx":"conn4","msg":"client metadata","attr":{"remote":"127.0.0.1:34092","client":"conn4","negotiatedCompressors":[],"doc":{"application":{"name":"mongosh 2.11.1"},"driver":{"name":"nodejs|mongosh","version":"7.5.0|2.11.1"},"platform":"Node.js v24.18.1, LE","os":{"name":"linux","architecture":"x64","version":"3.10.0-327.22.2.el7.x86_64","type":"Linux"},"env":{"container":{"runtime":"docker"}}}}}
mongodb-1  | {"t":{"$date":"2026-09-21T22:16:45.375+00:00"},"s":"I",  "c":"ACCESS",   "id":10483900,"ctx":"conn4","msg":"Connection not authenticating","attr":{"client":"127.0.0.1:34092","doc":{"application":{"name":"mongosh 2.11.1"},"driver":{"name":"nodejs|mongosh","version":"7.5.0|2.11.1"},"platform":"Node.js v24.18.1, LE","os":{"name":"linux","architecture":"x64","version":"3.10.0-327.22.2.el7.x86_64","type":"Linux"},"env":{"container":{"runtime":"docker"}}}}}
mongodb-1  | {"t":{"$date":"2026-09-21T22:16:45.423+00:00"},"s":"I",  "c":"-",        "id":20883,   "ctx":"conn1","msg":"Interrupted operation as its client disconnected","attr":{"opId":13313}}
mongodb-1  | {"t":{"$date":"2026-09-21T22:16:45.429+00:00"},"s":"I",  "c":"NETWORK",  "id":22944,   "ctx":"conn3","msg":"Connection ended","attr":{"remote":"127.0.0.1:34090","isLoadBalanced":false,"isProxyUnixSock":false,"isPriority":false,"uuid":{"uuid":{"$uuid":"6206bee8-daec-4407-9ef8-9003b4e8d7b8"}},"connectionId":3,"local":"127.0.0.1:27017","connectionCount":2}}
mongodb-1  | {"t":{"$date":"2026-09-21T22:16:45.456+00:00"},"s":"I",  "c":"NETWORK",  "id":22944,   "ctx":"conn4","msg":"Connection ended","attr":{"remote":"127.0.0.1:34092","isLoadBalanced":false,"isProxyUnixSock":false,"isPriority":false,"uuid":{"uuid":{"$uuid":"c7a76ce7-5dd2-4030-b9b7-d1a43089e5af"}},"connectionId":4,"local":"127.0.0.1:27017","connectionCount":1}}
mongodb-1  | {"t":{"$date":"2026-09-21T22:16:45.498+00:00"},"s":"I",  "c":"NETWORK",  "id":22944,   "ctx":"conn1","msg":"Connection ended","attr":{"remote":"127.0.0.1:34078","isLoadBalanced":false,"isProxyUnixSock":false,"isPriority":false,"uuid":{"uuid":{"$uuid":"ab8f12ac-6755-4439-a2cc-5b21547cf605"}},"connectionId":1,"local":"127.0.0.1:27017","connectionCount":0}}
mongodb-1  | {"t":{"$date":"2026-09-21T22:16:47.981+00:00"},"s":"I",  "c":"NETWORK",  "id":22943,   "ctx":"listener","msg":"Connection accepted","attr":{"remote":"127.0.0.1:34102","isLoadBalanced":false,"isProxyUnixSock":false,"isPriority":false,"uuid":{"uuid":{"$uuid":"23a4b0a1-0807-4c97-b9f3-717b335119b9"}},"connectionId":5,"local":"127.0.0.1:27017","connectionCount":1}}
mongodb-1  | {"t":{"$date":"2026-09-21T22:16:47.990+00:00"},"s":"I",  "c":"NETWORK",  "id":51800,   "ctx":"conn5","msg":"client metadata","attr":{"remote":"127.0.0.1:34102","client":"conn5","negotiatedCompressors":[],"doc":{"application":{"name":"mongosh 2.11.1"},"driver":{"name":"nodejs|mongosh","version":"7.5.0|2.11.1"},"platform":"Node.js v24.18.1, LE","os":{"name":"linux","architecture":"x64","version":"3.10.0-327.22.2.el7.x86_64","type":"Linux"},"env":{"container":{"runtime":"docker"}}}}}
mongodb-1  | {"t":{"$date":"2026-09-21T22:16:47.991+00:00"},"s":"I",  "c":"ACCESS",   "id":10483900,"ctx":"conn5","msg":"Connection not authenticating","attr":{"client":"127.0.0.1:34102","doc":{"application":{"name":"mongosh 2.11.1"},"driver":{"name":"nodejs|mongosh","version":"7.5.0|2.11.1"},"platform":"Node.js v24.18.1, LE","os":{"name":"linux","architecture":"x64","version":"3.10.0-327.22.2.el7.x86_64","type":"Linux"},"env":{"container":{"runtime":"docker"}}}}}
mongodb-1  | {"t":{"$date":"2026-09-21T22:16:48.021+00:00"},"s":"I",  "c":"NETWORK",  "id":22943,   "ctx":"listener","msg":"Connection accepted","attr":{"remote":"127.0.0.1:34114","isLoadBalanced":false,"isProxyUnixSock":false,"isPriority":false,"uuid":{"uuid":{"$uuid":"9ff57cc6-f804-4089-a373-ecdee0324e3c"}},"connectionId":6,"local":"127.0.0.1:27017","connectionCount":2}}
mongodb-1  | {"t":{"$date":"2026-09-21T22:16:48.028+00:00"},"s":"I",  "c":"NETWORK",  "id":51800,   "ctx":"conn6","msg":"client metadata","attr":{"remote":"127.0.0.1:34114","client":"conn6","negotiatedCompressors":[],"doc":{"application":{"name":"mongosh 2.11.1"},"driver":{"name":"nodejs|mongosh","version":"7.5.0|2.11.1"},"platform":"Node.js v24.18.1, LE","os":{"name":"linux","architecture":"x64","version":"3.10.0-327.22.2.el7.x86_64","type":"Linux"},"env":{"container":{"runtime":"docker"}}}}}
mongodb-1  | {"t":{"$date":"2026-09-21T22:16:48.028+00:00"},"s":"I",  "c":"ACCESS",   "id":10483900,"ctx":"conn6","msg":"Connection not authenticating","attr":{"client":"127.0.0.1:34114","doc":{"application":{"name":"mongosh 2.11.1"},"driver":{"name":"nodejs|mongosh","version":"7.5.0|2.11.1"},"platform":"Node.js v24.18.1, LE","os":{"name":"linux","architecture":"x64","version":"3.10.0-327.22.2.el7.x86_64","type":"Linux"},"env":{"container":{"runtime":"docker"}}}}}
mongodb-1  | {"t":{"$date":"2026-09-21T22:16:48.097+00:00"},"s":"I",  "c":"NETWORK",  "id":6788700, "ctx":"conn6","msg":"Received first command on ingress connection since session start or auth handshake","attr":{"elapsedMillis":69}}
mongodb-1  | {"t":{"$date":"2026-09-21T22:16:48.702+00:00"},"s":"I",  "c":"NETWORK",  "id":22943,   "ctx":"listener","msg":"Connection accepted","attr":{"remote":"127.0.0.1:34122","isLoadBalanced":false,"isProxyUnixSock":false,"isPriority":false,"uuid":{"uuid":{"$uuid":"d0e83cc9-edc2-4217-98d9-d87feefd60b1"}},"connectionId":7,"local":"127.0.0.1:27017","connectionCount":3}}
mongodb-1  | {"t":{"$date":"2026-09-21T22:16:48.706+00:00"},"s":"I",  "c":"NETWORK",  "id":22943,   "ctx":"listener","msg":"Connection accepted","attr":{"remote":"127.0.0.1:34126","isLoadBalanced":false,"isProxyUnixSock":false,"isPriority":false,"uuid":{"uuid":{"$uuid":"d3d88776-5b9f-4ba3-aea1-197c134e7c3d"}},"connectionId":8,"local":"127.0.0.1:27017","connectionCount":4}}
mongodb-1  | {"t":{"$date":"2026-09-21T22:16:48.725+00:00"},"s":"I",  "c":"NETWORK",  "id":51800,   "ctx":"conn7","msg":"client metadata","attr":{"remote":"127.0.0.1:34122","client":"conn7","negotiatedCompressors":[],"doc":{"application":{"name":"mongosh 2.11.1"},"driver":{"name":"nodejs|mongosh","version":"7.5.0|2.11.1"},"platform":"Node.js v24.18.1, LE","os":{"name":"linux","architecture":"x64","version":"3.10.0-327.22.2.el7.x86_64","type":"Linux"},"env":{"container":{"runtime":"docker"}}}}}
mongodb-1  | {"t":{"$date":"2026-09-21T22:16:48.725+00:00"},"s":"I",  "c":"ACCESS",   "id":10483900,"ctx":"conn7","msg":"Connection not authenticating","attr":{"client":"127.0.0.1:34122","doc":{"application":{"name":"mongosh 2.11.1"},"driver":{"name":"nodejs|mongosh","version":"7.5.0|2.11.1"},"platform":"Node.js v24.18.1, LE","os":{"name":"linux","architecture":"x64","version":"3.10.0-327.22.2.el7.x86_64","type":"Linux"},"env":{"container":{"runtime":"docker"}}}}}
mongodb-1  | {"t":{"$date":"2026-09-21T22:16:48.729+00:00"},"s":"I",  "c":"NETWORK",  "id":51800,   "ctx":"conn8","msg":"client metadata","attr":{"remote":"127.0.0.1:34126","client":"conn8","negotiatedCompressors":[],"doc":{"application":{"name":"mongosh 2.11.1"},"driver":{"name":"nodejs|mongosh","version":"7.5.0|2.11.1"},"platform":"Node.js v24.18.1, LE","os":{"name":"linux","architecture":"x64","version":"3.10.0-327.22.2.el7.x86_64","type":"Linux"},"env":{"container":{"runtime":"docker"}}}}}
mongodb-1  | {"t":{"$date":"2026-09-21T22:16:48.729+00:00"},"s":"I",  "c":"ACCESS",   "id":10483900,"ctx":"conn8","msg":"Connection not authenticating","attr":{"client":"127.0.0.1:34126","doc":{"application":{"name":"mongosh 2.11.1"},"driver":{"name":"nodejs|mongosh","version":"7.5.0|2.11.1"},"platform":"Node.js v24.18.1, LE","os":{"name":"linux","architecture":"x64","version":"3.10.0-327.22.2.el7.x86_64","type":"Linux"},"env":{"container":{"runtime":"docker"}}}}}
mongodb-1  | {"t":{"$date":"2026-09-21T22:16:48.736+00:00"},"s":"I",  "c":"NETWORK",  "id":22943,   "ctx":"listener","msg":"Connection accepted","attr":{"remote":"127.0.0.1:34140","isLoadBalanced":false,"isProxyUnixSock":false,"isPriority":false,"uuid":{"uuid":{"$uuid":"74ca01d3-7ae8-44a6-a866-23ea1dd50419"}},"connectionId":9,"local":"127.0.0.1:27017","connectionCount":5}}
mongodb-1  | {"t":{"$date":"2026-09-21T22:16:48.752+00:00"},"s":"I",  "c":"NETWORK",  "id":6788700, "ctx":"conn8","msg":"Received first command on ingress connection since session start or auth handshake","attr":{"elapsedMillis":22}}
mongodb-1  | {"t":{"$date":"2026-09-21T22:16:48.756+00:00"},"s":"I",  "c":"NETWORK",  "id":51800,   "ctx":"conn9","msg":"client metadata","attr":{"remote":"127.0.0.1:34140","client":"conn9","negotiatedCompressors":[],"doc":{"application":{"name":"mongosh 2.11.1"},"driver":{"name":"nodejs|mongosh","version":"7.5.0|2.11.1"},"platform":"Node.js v24.18.1, LE","os":{"name":"linux","architecture":"x64","version":"3.10.0-327.22.2.el7.x86_64","type":"Linux"},"env":{"container":{"runtime":"docker"}}}}}
mongodb-1  | {"t":{"$date":"2026-09-21T22:16:48.757+00:00"},"s":"I",  "c":"ACCESS",   "id":10483900,"ctx":"conn9","msg":"Connection not authenticating","attr":{"client":"127.0.0.1:34140","doc":{"application":{"name":"mongosh 2.11.1"},"driver":{"name":"nodejs|mongosh","version":"7.5.0|2.11.1"},"platform":"Node.js v24.18.1, LE","os":{"name":"linux","architecture":"x64","version":"3.10.0-327.22.2.el7.x86_64","type":"Linux"},"env":{"container":{"runtime":"docker"}}}}}
mongodb-1  | {"t":{"$date":"2026-09-21T22:16:48.781+00:00"},"s":"I",  "c":"NETWORK",  "id":6788700, "ctx":"conn9","msg":"Received first command on ingress connection since session start or auth handshake","attr":{"elapsedMillis":24}}
mongodb-1  | {"t":{"$date":"2026-09-21T22:16:48.966+00:00"},"s":"I",  "c":"COMMAND",  "id":51803,   "ctx":"conn6","msg":"Slow query","attr":{"type":"command","isFromUserConnection":true,"isFromPriorityPortConnection":false,"ns":"admin.atlascli","collectionType":"admin","appName":"mongosh 2.11.1","command":{"aggregate":"atlascli","pipeline":[{"$match":{"managedClusterType":"atlasCliLocalDevCluster"}},{"$group":{"_id":1,"n":{"$sum":1}}}],"cursor":{},"lsid":{"id":{"$uuid":"9d194d0f-3c35-4038-a240-750b84619a5a"}},"$db":"admin"},"opid":18434,"planSummary":"EOF","planningTimeMicros":72569,"keysExamined":0,"docsExamined":0,"cursorExhausted":true,"numYields":0,"nreturned":0,"queryFramework":"sbe","reslen":103,"locks":{"Global":{"acquireCount":{"r":1}}},"storage":{"timeWaitingMicros":{"storageEngineMicros":66}},"cpuNanos":37922183,"remote":"127.0.0.1:34114","protocol":"op_msg","numInterruptChecks":3,"priorityLowered":false,"wasMarkedNonDeprioritizable":false,"delinquencyInfo":{"totalDelinquentAcquisitions":1,"totalAcquisitionDelinquencyMillis":129,"maxAcquisitionDelinquencyMillis":129},"queues":{"ingress":{"admissions":1,"totalTimeQueuedMicros":0},"execution":{"admissions":2,"totalTimeQueuedMicros":0}},"workingMillis":202,"durationMillis":202}}
mongodb-1  | admin> | | | | {"t":{"$date":"2026-09-21T22:16:50.140+00:00"},"s":"I",  "c":"STORAGE",  "id":20320,   "ctx":"conn6","msg":"createCollection","attr":{"namespace":"admin.system.users","uuidDisposition":"generated","uuid":{"uuid":{"$uuid":"d5bba54e-cb11-47e6-84e8-616e099ecd89"}},"options":{},"recordIdsReplicated disposition":"computed","recordIdsReplicated":false}}
mongodb-1  | {"t":{"$date":"2026-09-21T22:16:50.140+00:00"},"s":"I",  "c":"WT",       "id":51780,   "ctx":"conn6","msg":"create table","attr":{"uri":"table:collection-6df629a4-5f5c-49f7-93a3-3867c07094e3","config":"type=file,memory_page_max=10M,split_pct=90,leaf_value_max=64MB,checksum=on,block_compressor=snappy,,,,exclusive=true,key_format=q,value_format=u,app_metadata=(formatVersion=1),log=(enabled=true)"}}
mongodb-1  | {"t":{"$date":"2026-09-21T22:16:50.166+00:00"},"s":"I",  "c":"WT",       "id":51780,   "ctx":"conn6","msg":"create table","attr":{"uri":"table:index-56b90465-3584-4008-b1bd-ff7a05838787","config":"type=file,internal_page_max=16k,leaf_page_max=16k,checksum=on,prefix_compression=true,,,,,key_format=u,value_format=u,exclusive=true,app_metadata=(formatVersion=8),log=(enabled=true)"}}
mongodb-1  | {"t":{"$date":"2026-09-21T22:16:50.211+00:00"},"s":"I",  "c":"WT",       "id":51780,   "ctx":"conn6","msg":"create table","attr":{"uri":"table:index-43042334-e927-4d51-a1ac-d15333e7f6d7","config":"type=file,internal_page_max=16k,leaf_page_max=16k,checksum=on,prefix_compression=true,,,,,key_format=u,value_format=u,exclusive=true,app_metadata=(formatVersion=14),log=(enabled=true)"}}
mongodb-1  | {"t":{"$date":"2026-09-21T22:16:50.256+00:00"},"s":"I",  "c":"INDEX",    "id":20345,   "ctx":"conn6","msg":"Index build: done building","attr":{"buildUUID":null,"collectionUUID":{"uuid":{"$uuid":"d5bba54e-cb11-47e6-84e8-616e099ecd89"}},"namespace":"admin.system.users","index":"_id_","ident":"index-56b90465-3584-4008-b1bd-ff7a05838787","collectionIdent":"collection-6df629a4-5f5c-49f7-93a3-3867c07094e3","commitTimestamp":null}}
mongodb-1  | {"t":{"$date":"2026-09-21T22:16:50.256+00:00"},"s":"I",  "c":"INDEX",    "id":20345,   "ctx":"conn6","msg":"Index build: done building","attr":{"buildUUID":null,"collectionUUID":{"uuid":{"$uuid":"d5bba54e-cb11-47e6-84e8-616e099ecd89"}},"namespace":"admin.system.users","index":"user_1_db_1","ident":"index-43042334-e927-4d51-a1ac-d15333e7f6d7","collectionIdent":"collection-6df629a4-5f5c-49f7-93a3-3867c07094e3","commitTimestamp":null}}
mongodb-1  | {"t":{"$date":"2026-09-21T22:16:50.258+00:00"},"s":"I",  "c":"COMMAND",  "id":51803,   "ctx":"conn6","msg":"Slow query","attr":{"type":"command","isFromUserConnection":true,"isFromPriorityPortConnection":false,"ns":"admin.system.users","collectionType":"system","appName":"mongosh 2.11.1","command":{"insert":"system.users","bypassDocumentValidation":false,"ordered":true,"$db":"admin"},"opid":18435,"ninserted":1,"keysInserted":2,"numYields":0,"reslen":45,"locks":{"ReplicationStateTransition":{"acquireCount":{"w":4}},"Global":{"acquireCount":{"w":4}},"Database":{"acquireCount":{"w":4}},"Collection":{"acquireCount":{"w":3}}},"flowControl":{"acquireCount":3},"storage":{"timeWaitingMicros":{"storageEngineMicros":115991}},"cpuNanos":25206262,"remote":"127.0.0.1:34114","protocol":"op_msg","queues":{"ingress":{"admissions":2,"totalTimeQueuedMicros":0},"execution":{"admissions":4,"totalTimeQueuedMicros":0}},"workingMillis":125,"durationMillis":125}}
mongodb-1  | {"t":{"$date":"2026-09-21T22:16:50.259+00:00"},"s":"I",  "c":"COMMAND",  "id":51803,   "ctx":"conn6","msg":"Slow query","attr":{"type":"command","isFromUserConnection":true,"isFromPriorityPortConnection":false,"ns":"admin.$cmd","collectionType":"admin","appName":"mongosh 2.11.1","command":{"createUser":"root","pwd":"xxx","roles":[{"role":"root","db":"admin"}],"lsid":{"id":{"$uuid":"9d194d0f-3c35-4038-a240-750b84619a5a"}},"$db":"admin"},"opid":18435,"numYields":0,"reslen":38,"locks":{"ReplicationStateTransition":{"acquireCount":{"w":4}},"Global":{"acquireCount":{"r":1,"w":4}},"Database":{"acquireCount":{"w":4}},"Collection":{"acquireCount":{"w":3}}},"flowControl":{"acquireCount":3},"storage":{"timeWaitingMicros":{"storageEngineMicros":28}},"cpuNanos":164430521,"remote":"127.0.0.1:34114","protocol":"op_msg","numInterruptChecks":19,"priorityLowered":false,"wasMarkedNonDeprioritizable":true,"delinquencyInfo":{"totalDelinquentAcquisitions":1,"totalAcquisitionDelinquencyMillis":116,"maxAcquisitionDelinquencyMillis":116},"queues":{"ingress":{"admissions":2,"totalTimeQueuedMicros":0},"execution":{"admissions":5,"totalTimeQueuedMicros":0}},"workingMillis":338,"durationMillis":338}}
mongodb-1  | { ok: 1 }
mongodb-1  | admin> {"t":{"$date":"2026-09-21T22:16:50.362+00:00"},"s":"I",  "c":"-",        "id":20883,   "ctx":"conn5","msg":"Interrupted operation as its client disconnected","attr":{"opId":17409}}
mongodb-1  | {"t":{"$date":"2026-09-21T22:16:50.363+00:00"},"s":"I",  "c":"NETWORK",  "id":22944,   "ctx":"conn5","msg":"Connection ended","attr":{"remote":"127.0.0.1:34102","isLoadBalanced":false,"isProxyUnixSock":false,"isPriority":false,"uuid":{"uuid":{"$uuid":"23a4b0a1-0807-4c97-b9f3-717b335119b9"}},"connectionId":5,"local":"127.0.0.1:27017","connectionCount":4}}
mongodb-1  | {"t":{"$date":"2026-09-21T22:16:50.368+00:00"},"s":"I",  "c":"NETWORK",  "id":22944,   "ctx":"conn6","msg":"Connection ended","attr":{"remote":"127.0.0.1:34114","isLoadBalanced":false,"isProxyUnixSock":false,"isPriority":false,"uuid":{"uuid":{"$uuid":"9ff57cc6-f804-4089-a373-ecdee0324e3c"}},"connectionId":6,"local":"127.0.0.1:27017","connectionCount":3}}
mongodb-1  | {"t":{"$date":"2026-09-21T22:16:50.369+00:00"},"s":"I",  "c":"NETWORK",  "id":22944,   "ctx":"conn8","msg":"Connection ended","attr":{"remote":"127.0.0.1:34126","isLoadBalanced":false,"isProxyUnixSock":false,"isPriority":false,"uuid":{"uuid":{"$uuid":"d3d88776-5b9f-4ba3-aea1-197c134e7c3d"}},"connectionId":8,"local":"127.0.0.1:27017","connectionCount":2}}
mongodb-1  | {"t":{"$date":"2026-09-21T22:16:50.369+00:00"},"s":"I",  "c":"NETWORK",  "id":22944,   "ctx":"conn9","msg":"Connection ended","attr":{"remote":"127.0.0.1:34140","isLoadBalanced":false,"isProxyUnixSock":false,"isPriority":false,"uuid":{"uuid":{"$uuid":"74ca01d3-7ae8-44a6-a866-23ea1dd50419"}},"connectionId":9,"local":"127.0.0.1:27017","connectionCount":1}}
mongodb-1  | {"t":{"$date":"2026-09-21T22:16:50.371+00:00"},"s":"I",  "c":"NETWORK",  "id":22944,   "ctx":"conn7","msg":"Connection ended","attr":{"remote":"127.0.0.1:34122","isLoadBalanced":false,"isProxyUnixSock":false,"isPriority":false,"uuid":{"uuid":{"$uuid":"d0e83cc9-edc2-4217-98d9-d87feefd60b1"}},"connectionId":7,"local":"127.0.0.1:27017","connectionCount":0}}
mongodb-1  | 
mongodb-1  | /usr/local/bin/docker-entrypoint.sh: ignoring /docker-entrypoint-initdb.d/*
mongodb-1  | 
mongodb-1  | {"t":{"$date":"2026-09-21T22:16:51.143+00:00"},"s":"I",  "c":"-",        "id":8991200, "ctx":"main","msg":"Shuffling initializers","attr":{"seed":2875217026}}
mongodb-1  | 
mongodb-1  | {"t":{"$date":"2026-09-21T22:16:51.181+00:00"},"s":"I",  "c":"CONTROL",  "id":20698,   "ctx":"main","msg":"***** SERVER RESTARTED *****"}
mongodb-1  | {"t":{"$date":"2026-09-21T22:16:51.194+00:00"},"s":"I",  "c":"CONTROL",  "id":97374,   "ctx":"main","msg":"Automatically disabling TLS 1.0 and TLS 1.1, to force-enable TLS 1.1 specify --sslDisabledProtocols 'TLS1_0'; to force-enable TLS 1.0 specify --sslDisabledProtocols 'none'"}
mongodb-1  | {"t":{"$date":"2026-09-21T22:16:51.209+00:00"},"s":"I",  "c":"CONTROL",  "id":10500903,"ctx":"main","msg":"Not initializing OpenTelemetry metrics"}
mongodb-1  | {"t":{"$date":"2026-09-21T22:16:51.212+00:00"},"s":"I",  "c":"EXECUTOR", "id":11280000,"ctx":"main","msg":"Starting thread pool","attr":{"poolName":"AuthorizationRouter","numThreads":0,"minThreads":0,"maxThreads":1000000000}}
mongodb-1  | {"t":{"$date":"2026-09-21T22:16:51.213+00:00"},"s":"I",  "c":"EXECUTOR", "id":11280000,"ctx":"main","msg":"Starting thread pool","attr":{"poolName":"ThreadPool1","numThreads":0,"minThreads":0,"maxThreads":1}}
mongodb-1  | {"t":{"$date":"2026-09-21T22:16:51.215+00:00"},"s":"I",  "c":"NETWORK",  "id":4915701, "ctx":"main","msg":"Initialized wire specification","attr":{"spec":{"incomingExternalClient":{"minWireVersion":0,"maxWireVersion":28},"incomingInternalClient":{"minWireVersion":0,"maxWireVersion":28},"outgoing":{"minWireVersion":6,"maxWireVersion":28},"isInternalClient":true}}}
mongodb-1  | {"t":{"$date":"2026-09-21T22:16:51.226+00:00"},"s":"I",  "c":"CONTROL",  "id":9859700, "ctx":"main","msg":"Not initializing OpenTelemetry"}
mongodb-1  | Killing process with pid: 28
mongodb-1  | {"t":{"$date":"2026-09-21T22:16:51.227+00:00"},"s":"I",  "c":"CONTROL",  "id":23377,   "ctx":"SignalHandler","msg":"Received signal","attr":{"signal":15,"error":"Terminated"}}
mongodb-1  | {"t":{"$date":"2026-09-21T22:16:51.227+00:00"},"s":"I",  "c":"CONTROL",  "id":23378,   "ctx":"SignalHandler","msg":"Signal was sent by kill(2)","attr":{"pid":129,"uid":999}}
mongodb-1  | {"t":{"$date":"2026-09-21T22:16:51.227+00:00"},"s":"I",  "c":"CONTROL",  "id":23381,   "ctx":"SignalHandler","msg":"will terminate after current cmd ends"}
mongodb-1  | {"t":{"$date":"2026-09-21T22:16:51.227+00:00"},"s":"I",  "c":"REPL",     "id":4784900, "ctx":"SignalHandler","msg":"Stepping down the ReplicationCoordinator for shutdown","attr":{"waitTimeMillis":15000}}
mongodb-1  | {"t":{"$date":"2026-09-21T22:16:51.244+00:00"},"s":"I",  "c":"REPL",     "id":4794602, "ctx":"SignalHandler","msg":"Attempting to enter quiesce mode"}
mongodb-1  | {"t":{"$date":"2026-09-21T22:16:51.244+00:00"},"s":"I",  "c":"STORAGE",  "id":7333402, "ctx":"SignalHandler","msg":"Shutting down the DiskSpaceMonitor"}
mongodb-1  | {"t":{"$date":"2026-09-21T22:16:51.245+00:00"},"s":"I",  "c":"-",        "id":6371601, "ctx":"SignalHandler","msg":"Shutting down the FLE Crud thread pool"}
mongodb-1  | {"t":{"$date":"2026-09-21T22:16:51.245+00:00"},"s":"I",  "c":"COMMAND",  "id":4784901, "ctx":"SignalHandler","msg":"Shutting down the MirrorMaestro"}
mongodb-1  | {"t":{"$date":"2026-09-21T22:16:51.246+00:00"},"s":"I",  "c":"SHARDING", "id":4784902, "ctx":"SignalHandler","msg":"Shutting down the WaitForMajorityService"}
mongodb-1  | {"t":{"$date":"2026-09-21T22:16:51.247+00:00"},"s":"I",  "c":"CONTROL",  "id":4784903, "ctx":"SignalHandler","msg":"Shutting down the LogicalSessionCache"}
mongodb-1  | {"t":{"$date":"2026-09-21T22:16:51.249+00:00"},"s":"I",  "c":"NETWORK",  "id":8314100, "ctx":"SignalHandler","msg":"Shutdown: Closing listener sockets"}
mongodb-1  | {"t":{"$date":"2026-09-21T22:16:51.250+00:00"},"s":"I",  "c":"NETWORK",  "id":23017,   "ctx":"listener","msg":"removing socket file","attr":{"path":"/tmp/mongodb-27017.sock"}}
mongodb-1  | {"t":{"$date":"2026-09-21T22:16:51.251+00:00"},"s":"I",  "c":"NETWORK",  "id":4784905, "ctx":"SignalHandler","msg":"Shutting down the global connection pool"}
mongodb-1  | {"t":{"$date":"2026-09-21T22:16:51.251+00:00"},"s":"I",  "c":"CONTROL",  "id":4784906, "ctx":"SignalHandler","msg":"Shutting down the FlowControlTicketholder"}
mongodb-1  | {"t":{"$date":"2026-09-21T22:16:51.251+00:00"},"s":"I",  "c":"-",        "id":20520,   "ctx":"SignalHandler","msg":"Stopping further Flow Control ticket acquisitions."}
mongodb-1  | {"t":{"$date":"2026-09-21T22:16:51.251+00:00"},"s":"I",  "c":"CONTROL",  "id":4784908, "ctx":"SignalHandler","msg":"Shutting down PeriodicThreadToAbortExpiredTransactions"}
mongodb-1  | {"t":{"$date":"2026-09-21T22:16:51.252+00:00"},"s":"I",  "c":"CONTROL",  "id":10036707,"ctx":"SignalHandler","msg":"Shutting down PeriodicThreadToRollbackUnderCachePressure"}
mongodb-1  | {"t":{"$date":"2026-09-21T22:16:51.252+00:00"},"s":"I",  "c":"REPL",     "id":4784909, "ctx":"SignalHandler","msg":"Shutting down the ReplicationCoordinator"}
mongodb-1  | {"t":{"$date":"2026-09-21T22:16:51.252+00:00"},"s":"I",  "c":"SHARDING", "id":4784910, "ctx":"SignalHandler","msg":"Shutting down the ShardingInitializationMongoD"}
mongodb-1  | {"t":{"$date":"2026-09-21T22:16:51.252+00:00"},"s":"I",  "c":"REPL",     "id":4784911, "ctx":"SignalHandler","msg":"Enqueuing the ReplicationStateTransitionLock for shutdown"}
mongodb-1  | {"t":{"$date":"2026-09-21T22:16:51.252+00:00"},"s":"I",  "c":"-",        "id":4784912, "ctx":"SignalHandler","msg":"Killing all operations for shutdown"}
mongodb-1  | {"t":{"$date":"2026-09-21T22:16:51.252+00:00"},"s":"I",  "c":"-",        "id":4695300, "ctx":"SignalHandler","msg":"Interrupted all currently running operations","attr":{"opsKilled":3}}
mongodb-1  | {"t":{"$date":"2026-09-21T22:16:51.253+00:00"},"s":"I",  "c":"COMMAND",  "id":4784913, "ctx":"SignalHandler","msg":"Shutting down all open transactions"}
mongodb-1  | {"t":{"$date":"2026-09-21T22:16:51.253+00:00"},"s":"I",  "c":"REPL",     "id":4784914, "ctx":"SignalHandler","msg":"Acquiring the ReplicationStateTransitionLock for shutdown"}
mongodb-1  | {"t":{"$date":"2026-09-21T22:16:51.253+00:00"},"s":"I",  "c":"INDEX",    "id":4784915, "ctx":"SignalHandler","msg":"Shutting down the IndexBuildsCoordinator"}
mongodb-1  | {"t":{"$date":"2026-09-21T22:16:51.253+00:00"},"s":"I",  "c":"EXECUTOR", "id":11280000,"ctx":"SignalHandler","msg":"Starting thread pool","attr":{"poolName":"IndexBuildsCoordinatorMongod","numThreads":0,"minThreads":0,"maxThreads":1000000000}}
mongodb-1  | {"t":{"$date":"2026-09-21T22:16:51.253+00:00"},"s":"I",  "c":"NETWORK",  "id":4784918, "ctx":"SignalHandler","msg":"Shutting down the ReplicaSetMonitor"}
mongodb-1  | {"t":{"$date":"2026-09-21T22:16:51.253+00:00"},"s":"I",  "c":"SHARDING", "id":9439300, "ctx":"SignalHandler","msg":"Shutting down the filtering metadata cache"}
mongodb-1  | {"t":{"$date":"2026-09-21T22:16:51.253+00:00"},"s":"I",  "c":"NETWORK",  "id":20562,   "ctx":"SignalHandler","msg":"Shutdown: Closing open transport sessions"}
mongodb-1  | {"t":{"$date":"2026-09-21T22:16:51.253+00:00"},"s":"I",  "c":"NETWORK",  "id":4784923, "ctx":"SignalHandler","msg":"Shutting down the ASIO transport SessionManager"}
mongodb-1  | {"t":{"$date":"2026-09-21T22:16:51.253+00:00"},"s":"I",  "c":"CONTROL",  "id":4784927, "ctx":"SignalHandler","msg":"Shutting down the HealthLog"}
mongodb-1  | {"t":{"$date":"2026-09-21T22:16:51.253+00:00"},"s":"I",  "c":"CONTROL",  "id":4784928, "ctx":"SignalHandler","msg":"Shutting down the TTL monitor"}
mongodb-1  | {"t":{"$date":"2026-09-21T22:16:51.253+00:00"},"s":"I",  "c":"INDEX",    "id":3684100, "ctx":"SignalHandler","msg":"Shutting down TTL collection monitor thread"}
mongodb-1  | {"t":{"$date":"2026-09-21T22:16:51.253+00:00"},"s":"I",  "c":"CONNPOOL", "id":22582,   "ctx":"SignalHandler","msg":"Killing all outstanding egress activity","attr":{"instanceName":"NetworkInterfaceTL-TTLMonitorMetadataRefreshNetwork","numKilledByType":{}}}
mongodb-1  | {"t":{"$date":"2026-09-21T22:16:51.254+00:00"},"s":"I",  "c":"INDEX",    "id":3684101, "ctx":"SignalHandler","msg":"Finished shutting down TTL collection monitor thread"}
mongodb-1  | {"t":{"$date":"2026-09-21T22:16:51.254+00:00"},"s":"I",  "c":"CONTROL",  "id":4784929, "ctx":"SignalHandler","msg":"Acquiring the global lock for shutdown"}
mongodb-1  | {"t":{"$date":"2026-09-21T22:16:51.254+00:00"},"s":"I",  "c":"CONTROL",  "id":4784930, "ctx":"SignalHandler","msg":"Shutting down the storage engine"}
mongodb-1  | {"t":{"$date":"2026-09-21T22:16:51.254+00:00"},"s":"I",  "c":"STORAGE",  "id":22320,   "ctx":"SignalHandler","msg":"Shutting down journal flusher thread"}
mongodb-1  | {"t":{"$date":"2026-09-21T22:16:51.255+00:00"},"s":"I",  "c":"STORAGE",  "id":22321,   "ctx":"SignalHandler","msg":"Finished shutting down journal flusher thread"}
mongodb-1  | {"t":{"$date":"2026-09-21T22:16:51.255+00:00"},"s":"I",  "c":"STORAGE",  "id":22322,   "ctx":"SignalHandler","msg":"Shutting down checkpoint thread"}
mongodb-1  | {"t":{"$date":"2026-09-21T22:16:51.255+00:00"},"s":"I",  "c":"STORAGE",  "id":22323,   "ctx":"SignalHandler","msg":"Finished shutting down checkpoint thread"}
mongodb-1  | {"t":{"$date":"2026-09-21T22:16:51.255+00:00"},"s":"I",  "c":"STORAGE",  "id":20282,   "ctx":"SignalHandler","msg":"Deregistering all the collections"}
mongodb-1  | {"t":{"$date":"2026-09-21T22:16:51.256+00:00"},"s":"I",  "c":"STORAGE",  "id":22261,   "ctx":"SignalHandler","msg":"Timestamp monitor shutting down"}
mongodb-1  | {"t":{"$date":"2026-09-21T22:16:51.256+00:00"},"s":"I",  "c":"STORAGE",  "id":10158003,"ctx":"SignalHandler","msg":"SpillWiredTigerKVEngine shutting down"}
mongodb-1  | {"t":{"$date":"2026-09-21T22:16:51.256+00:00"},"s":"I",  "c":"STORAGE",  "id":10158006,"ctx":"SignalHandler","msg":"Closing spill WiredTiger","attr":{"closeConfig":"leak_memory=true,"}}
mongodb-1  | {"t":{"$date":"2026-09-21T22:16:51.256+00:00"},"s":"I",  "c":"WTRECOV",  "id":22430,   "ctx":"SignalHandler","msg":"WiredTiger message","attr":{"message":{"ts_sec":1790029011,"ts_usec":256452,"thread":"28:0x7fc48ec816c0","session_name":"WT_CONNECTION.close","category":"WT_VERB_RECOVERY_PROGRESS","log_id":1000000,"category_id":35,"verbose_level":"INFO","verbose_level_id":0,"msg":"closing WiredTiger library."}}}
mongodb-1  | {"t":{"$date":"2026-09-21T22:16:51.256+00:00"},"s":"I",  "c":"WTRECOV",  "id":22430,   "ctx":"SignalHandler","msg":"WiredTiger message","attr":{"message":{"ts_sec":1790029011,"ts_usec":256589,"thread":"28:0x7fc48ec816c0","session_name":"WT_CONNECTION.close","category":"WT_VERB_RECOVERY_PROGRESS","log_id":1000000,"category_id":35,"verbose_level":"INFO","verbose_level_id":0,"msg":"rolling back all running transactions."}}}
mongodb-1  | {"t":{"$date":"2026-09-21T22:16:51.256+00:00"},"s":"I",  "c":"WTRECOV",  "id":22430,   "ctx":"SignalHandler","msg":"WiredTiger message","attr":{"message":{"ts_sec":1790029011,"ts_usec":256655,"thread":"28:0x7fc48ec816c0","session_name":"WT_CONNECTION.close","category":"WT_VERB_RECOVERY_PROGRESS","log_id":1000000,"category_id":35,"verbose_level":"INFO","verbose_level_id":0,"msg":"closing all running sessions."}}}
mongodb-1  | {"t":{"$date":"2026-09-21T22:16:51.256+00:00"},"s":"I",  "c":"WTRECOV",  "id":22430,   "ctx":"SignalHandler","msg":"WiredTiger message","attr":{"message":{"ts_sec":1790029011,"ts_usec":256706,"thread":"28:0x7fc48ec816c0","session_name":"WT_CONNECTION.close","category":"WT_VERB_RECOVERY_PROGRESS","log_id":1000000,"category_id":35,"verbose_level":"INFO","verbose_level_id":0,"msg":"closing some of the internal threads."}}}
mongodb-1  | {"t":{"$date":"2026-09-21T22:16:51.258+00:00"},"s":"I",  "c":"WTRECOV",  "id":22430,   "ctx":"SignalHandler","msg":"WiredTiger message","attr":{"message":{"ts_sec":1790029011,"ts_usec":258700,"thread":"28:0x7fc48ec816c0","session_name":"WT_CONNECTION.close","category":"WT_VERB_RECOVERY_PROGRESS","log_id":1000000,"category_id":35,"verbose_level":"INFO","verbose_level_id":0,"msg":"perform final checkpoint and shutting down the global transaction state"}}}
mongodb-1  | {"t":{"$date":"2026-09-21T22:16:51.258+00:00"},"s":"I",  "c":"WTCHKPT",  "id":22430,   "ctx":"SignalHandler","msg":"WiredTiger message","attr":{"message":{"ts_sec":1790029011,"ts_usec":258912,"thread":"28:0x7fc48ec816c0","session_name":"close_ckpt","category":"WT_VERB_CHECKPOINT","log_id":1000000,"category_id":5,"verbose_level":"INFO","verbose_level_id":0,"msg":"Checkpoint requested at stable timestamp (0, 0)"}}}
mongodb-1  | {"t":{"$date":"2026-09-21T22:16:51.259+00:00"},"s":"I",  "c":"WTCHKPT",  "id":22430,   "ctx":"SignalHandler","msg":"WiredTiger message","attr":{"message":{"ts_sec":1790029011,"ts_usec":259339,"thread":"28:0x7fc48ec816c0","session_name":"close_ckpt","category":"WT_VERB_CHECKPOINT_PROGRESS","log_id":1000000,"category_id":7,"verbose_level":"INFO","verbose_level_id":0,"msg":"saving checkpoint snapshot min: 2, snapshot max: 2 snapshot count: 0, oldest timestamp: (0, 0) , meta checkpoint timestamp: (0, 0) base write gen: 1"}}}
mongodb-1  | {"t":{"$date":"2026-09-21T22:16:51.284+00:00"},"s":"I",  "c":"WTRECOV",  "id":22430,   "ctx":"SignalHandler","msg":"WiredTiger message","attr":{"message":{"ts_sec":1790029011,"ts_usec":284132,"thread":"28:0x7fc48ec816c0","session_name":"WT_CONNECTION.close","category":"WT_VERB_RECOVERY_PROGRESS","log_id":1000000,"category_id":35,"verbose_level":"INFO","verbose_level_id":0,"msg":"shutdown checkpoint has successfully finished and ran for 25 milliseconds"}}}
mongodb-1  | {"t":{"$date":"2026-09-21T22:16:51.284+00:00"},"s":"I",  "c":"WTRECOV",  "id":22430,   "ctx":"SignalHandler","msg":"WiredTiger message","attr":{"message":{"ts_sec":1790029011,"ts_usec":284714,"thread":"28:0x7fc48ec816c0","session_name":"WT_CONNECTION.close","category":"WT_VERB_RECOVERY_PROGRESS","log_id":1493200,"category_id":35,"verbose_level":"INFO","verbose_level_id":0,"msg":"shutdown was completed successfully and took 28ms, including 0ms for the rollback to stable, and 25ms for the checkpoint."}}}
mongodb-1  | {"t":{"$date":"2026-09-21T22:16:51.285+00:00"},"s":"I",  "c":"WTEVICT",  "id":22430,   "ctx":"SignalHandler","msg":"WiredTiger message","attr":{"message":{"ts_sec":1790029011,"ts_usec":284987,"thread":"28:0x7fc48ec816c0","session_name":"WT_CONNECTION.close","category":"WT_VERB_EVICTION","log_id":1000000,"category_id":15,"verbose_level":"INFO","verbose_level_id":0,"msg":"stopping eviction threads"}}}
mongodb-1  | {"t":{"$date":"2026-09-21T22:16:51.285+00:00"},"s":"I",  "c":"WTEVICT",  "id":22430,   "ctx":"SignalHandler","msg":"WiredTiger message","attr":{"message":{"ts_sec":1790029011,"ts_usec":285172,"thread":"28:0x7fc48ec816c0","session_name":"WT_CONNECTION.close","category":"WT_VERB_EVICTION","log_id":1000000,"category_id":15,"verbose_level":"INFO","verbose_level_id":0,"msg":"waiting for eviction threads to stop"}}}
mongodb-1  | {"t":{"$date":"2026-09-21T22:16:51.285+00:00"},"s":"I",  "c":"WTEVICT",  "id":22430,   "ctx":"thread42","msg":"WiredTiger message","attr":{"message":{"ts_sec":1790029011,"ts_usec":285273,"thread":"28:0x7fc480c656c0","session_dhandle_name":"file:WiredTigerHS.wt","session_name":"eviction-server","category":"WT_VERB_EVICTION","log_id":1000000,"category_id":15,"verbose_level":"INFO","verbose_level_id":0,"msg":"eviction thread exiting"}}}
mongodb-1  | {"t":{"$date":"2026-09-21T22:16:51.304+00:00"},"s":"I",  "c":"STORAGE",  "id":10158007,"ctx":"SignalHandler","msg":"Closed spill WiredTiger ","attr":{"durationMillis":48}}
mongodb-1  | {"t":{"$date":"2026-09-21T22:16:51.304+00:00"},"s":"I",  "c":"STORAGE",  "id":22317,   "ctx":"SignalHandler","msg":"WiredTigerKVEngine shutting down"}
mongodb-1  | {"t":{"$date":"2026-09-21T22:16:51.304+00:00"},"s":"I",  "c":"STORAGE",  "id":22318,   "ctx":"SignalHandler","msg":"Shutting down session sweeper thread"}
mongodb-1  | {"t":{"$date":"2026-09-21T22:16:51.305+00:00"},"s":"I",  "c":"STORAGE",  "id":22319,   "ctx":"SignalHandler","msg":"Finished shutting down session sweeper thread"}
mongodb-1  | {"t":{"$date":"2026-09-21T22:16:51.312+00:00"},"s":"I",  "c":"STORAGE",  "id":4795902, "ctx":"SignalHandler","msg":"Closing WiredTiger","attr":{"closeConfig":"leak_memory=true,use_timestamp=false,"}}
mongodb-1  | {"t":{"$date":"2026-09-21T22:16:51.312+00:00"},"s":"I",  "c":"WTRECOV",  "id":22430,   "ctx":"SignalHandler","msg":"WiredTiger message","attr":{"message":{"ts_sec":1790029011,"ts_usec":312264,"thread":"28:0x7fc48ec816c0","session_name":"WT_CONNECTION.close","category":"WT_VERB_RECOVERY_PROGRESS","log_id":1000000,"category_id":35,"verbose_level":"INFO","verbose_level_id":0,"msg":"closing WiredTiger library."}}}
mongodb-1  | {"t":{"$date":"2026-09-21T22:16:51.312+00:00"},"s":"I",  "c":"WTRECOV",  "id":22430,   "ctx":"SignalHandler","msg":"WiredTiger message","attr":{"message":{"ts_sec":1790029011,"ts_usec":312359,"thread":"28:0x7fc48ec816c0","session_name":"WT_CONNECTION.close","category":"WT_VERB_RECOVERY_PROGRESS","log_id":1000000,"category_id":35,"verbose_level":"INFO","verbose_level_id":0,"msg":"rolling back all running transactions."}}}
mongodb-1  | {"t":{"$date":"2026-09-21T22:16:51.312+00:00"},"s":"I",  "c":"WTRECOV",  "id":22430,   "ctx":"SignalHandler","msg":"WiredTiger message","attr":{"message":{"ts_sec":1790029011,"ts_usec":312421,"thread":"28:0x7fc48ec816c0","session_name":"WT_CONNECTION.close","category":"WT_VERB_RECOVERY_PROGRESS","log_id":1000000,"category_id":35,"verbose_level":"INFO","verbose_level_id":0,"msg":"closing all running sessions."}}}
mongodb-1  | {"t":{"$date":"2026-09-21T22:16:51.312+00:00"},"s":"I",  "c":"WTRECOV",  "id":22430,   "ctx":"SignalHandler","msg":"WiredTiger message","attr":{"message":{"ts_sec":1790029011,"ts_usec":312735,"thread":"28:0x7fc48ec816c0","session_name":"WT_CONNECTION.close","category":"WT_VERB_RECOVERY_PROGRESS","log_id":1000000,"category_id":35,"verbose_level":"INFO","verbose_level_id":0,"msg":"closing some of the internal threads."}}}
mongodb-1  | {"t":{"$date":"2026-09-21T22:16:51.315+00:00"},"s":"I",  "c":"WTRECOV",  "id":22430,   "ctx":"SignalHandler","msg":"WiredTiger message","attr":{"message":{"ts_sec":1790029011,"ts_usec":315012,"thread":"28:0x7fc48ec816c0","session_name":"WT_CONNECTION.close","category":"WT_VERB_RECOVERY_PROGRESS","log_id":1000000,"category_id":35,"verbose_level":"INFO","verbose_level_id":0,"msg":"perform final checkpoint and shutting down the global transaction state"}}}
mongodb-1  | {"t":{"$date":"2026-09-21T22:16:51.317+00:00"},"s":"I",  "c":"WTCHKPT",  "id":22430,   "ctx":"SignalHandler","msg":"WiredTiger message","attr":{"message":{"ts_sec":1790029011,"ts_usec":317359,"thread":"28:0x7fc48ec816c0","session_dhandle_name":"file:index-43042334-e927-4d51-a1ac-d15333e7f6d7.wt","session_name":"close_ckpt","category":"WT_VERB_CHECKPOINT_PROGRESS","log_id":1000000,"category_id":7,"verbose_level":"INFO","verbose_level_id":0,"msg":"Checkpoint has been running for 0 seconds, wrote 1 pages (0 MB), walked 1 pages and checkpointed 0 files"}}}
mongodb-1  | {"t":{"$date":"2026-09-21T22:16:51.317+00:00"},"s":"I",  "c":"WTCHKPT",  "id":22430,   "ctx":"SignalHandler","msg":"WiredTiger message","attr":{"message":{"ts_sec":1790029011,"ts_usec":317876,"thread":"28:0x7fc48ec816c0","session_dhandle_name":"file:index-43042334-e927-4d51-a1ac-d15333e7f6d7.wt","session_name":"close_ckpt","category":"WT_VERB_CHECKPOINT_PROGRESS","log_id":1000000,"category_id":7,"verbose_level":"INFO","verbose_level_id":0,"msg":"Checkpoint has been running for 0 seconds, wrote 2 pages (0 MB), walked 2 pages and checkpointed 0 files"}}}
mongodb-1  | {"t":{"$date":"2026-09-21T22:16:51.318+00:00"},"s":"I",  "c":"WTCHKPT",  "id":22430,   "ctx":"SignalHandler","msg":"WiredTiger message","attr":{"message":{"ts_sec":1790029011,"ts_usec":318094,"thread":"28:0x7fc48ec816c0","session_dhandle_name":"file:index-56b90465-3584-4008-b1bd-ff7a05838787.wt","session_name":"close_ckpt","category":"WT_VERB_CHECKPOINT_PROGRESS","log_id":1000000,"category_id":7,"verbose_level":"INFO","verbose_level_id":0,"msg":"Checkpoint has been running for 0 seconds, wrote 3 pages (0 MB), walked 3 pages and checkpointed 1 files"}}}
mongodb-1  | {"t":{"$date":"2026-09-21T22:16:51.318+00:00"},"s":"I",  "c":"WTCHKPT",  "id":22430,   "ctx":"SignalHandler","msg":"WiredTiger message","attr":{"message":{"ts_sec":1790029011,"ts_usec":318267,"thread":"28:0x7fc48ec816c0","session_dhandle_name":"file:index-56b90465-3584-4008-b1bd-ff7a05838787.wt","session_name":"close_ckpt","category":"WT_VERB_CHECKPOINT_PROGRESS","log_id":1000000,"category_id":7,"verbose_level":"INFO","verbose_level_id":0,"msg":"Checkpoint has been running for 0 seconds, wrote 4 pages (0 MB), walked 4 pages and checkpointed 1 files"}}}
mongodb-1  | {"t":{"$date":"2026-09-21T22:16:51.318+00:00"},"s":"I",  "c":"WTCHKPT",  "id":22430,   "ctx":"SignalHandler","msg":"WiredTiger message","attr":{"message":{"ts_sec":1790029011,"ts_usec":318433,"thread":"28:0x7fc48ec816c0","session_dhandle_name":"file:collection-6df629a4-5f5c-49f7-93a3-3867c07094e3.wt","session_name":"close_ckpt","category":"WT_VERB_CHECKPOINT_PROGRESS","log_id":1000000,"category_id":7,"verbose_level":"INFO","verbose_level_id":0,"msg":"Checkpoint has been running for 0 seconds, wrote 5 pages (0 MB), walked 5 pages and checkpointed 2 files"}}}
mongodb-1  | {"t":{"$date":"2026-09-21T22:16:51.319+00:00"},"s":"I",  "c":"WTCHKPT",  "id":22430,   "ctx":"SignalHandler","msg":"WiredTiger message","attr":{"message":{"ts_sec":1790029011,"ts_usec":319169,"thread":"28:0x7fc48ec816c0","session_dhandle_name":"file:collection-6df629a4-5f5c-49f7-93a3-3867c07094e3.wt","session_name":"close_ckpt","category":"WT_VERB_CHECKPOINT_PROGRESS","log_id":1000000,"category_id":7,"verbose_level":"INFO","verbose_level_id":0,"msg":"Checkpoint has been running for 0 seconds, wrote 6 pages (0 MB), walked 6 pages and checkpointed 2 files"}}}
mongodb-1  | {"t":{"$date":"2026-09-21T22:16:51.319+00:00"},"s":"I",  "c":"WTCHKPT",  "id":22430,   "ctx":"SignalHandler","msg":"WiredTiger message","attr":{"message":{"ts_sec":1790029011,"ts_usec":319938,"thread":"28:0x7fc48ec816c0","session_dhandle_name":"file:index-8ee2ab17-4a4e-4beb-924c-b64ad7b3b70d.wt","session_name":"close_ckpt","category":"WT_VERB_CHECKPOINT_PROGRESS","log_id":1000000,"category_id":7,"verbose_level":"INFO","verbose_level_id":0,"msg":"Checkpoint has been running for 0 seconds, wrote 7 pages (0 MB), walked 7 pages and checkpointed 6 files"}}}
mongodb-1  | {"t":{"$date":"2026-09-21T22:16:51.320+00:00"},"s":"I",  "c":"WTCHKPT",  "id":22430,   "ctx":"SignalHandler","msg":"WiredTiger message","attr":{"message":{"ts_sec":1790029011,"ts_usec":320315,"thread":"28:0x7fc48ec816c0","session_dhandle_name":"file:index-8ee2ab17-4a4e-4beb-924c-b64ad7b3b70d.wt","session_name":"close_ckpt","category":"WT_VERB_CHECKPOINT_PROGRESS","log_id":1000000,"category_id":7,"verbose_level":"INFO","verbose_level_id":0,"msg":"Checkpoint has been running for 0 seconds, wrote 8 pages (0 MB), walked 8 pages and checkpointed 6 files"}}}
mongodb-1  | {"t":{"$date":"2026-09-21T22:16:51.321+00:00"},"s":"I",  "c":"WTCHKPT",  "id":22430,   "ctx":"SignalHandler","msg":"WiredTiger message","attr":{"message":{"ts_sec":1790029011,"ts_usec":320983,"thread":"28:0x7fc48ec816c0","session_dhandle_name":"file:collection-93f1b0e9-74df-42e5-9a47-063bd2fd41ad.wt","session_name":"close_ckpt","category":"WT_VERB_CHECKPOINT_PROGRESS","log_id":1000000,"category_id":7,"verbose_level":"INFO","verbose_level_id":0,"msg":"Checkpoint has been running for 0 seconds, wrote 9 pages (0 MB), walked 9 pages and checkpointed 7 files"}}}
mongodb-1  | {"t":{"$date":"2026-09-21T22:16:51.321+00:00"},"s":"I",  "c":"WTCHKPT",  "id":22430,   "ctx":"SignalHandler","msg":"WiredTiger message","attr":{"message":{"ts_sec":1790029011,"ts_usec":321183,"thread":"28:0x7fc48ec816c0","session_dhandle_name":"file:collection-93f1b0e9-74df-42e5-9a47-063bd2fd41ad.wt","session_name":"close_ckpt","category":"WT_VERB_CHECKPOINT_PROGRESS","log_id":1000000,"category_id":7,"verbose_level":"INFO","verbose_level_id":0,"msg":"Checkpoint has been running for 0 seconds, wrote 10 pages (0 MB), walked 10 pages and checkpointed 7 files"}}}
mongodb-1  | {"t":{"$date":"2026-09-21T22:16:51.326+00:00"},"s":"I",  "c":"WTCHKPT",  "id":22430,   "ctx":"SignalHandler","msg":"WiredTiger message","attr":{"message":{"ts_sec":1790029011,"ts_usec":325994,"thread":"28:0x7fc48ec816c0","session_name":"close_ckpt","category":"WT_VERB_CHECKPOINT_PROGRESS","log_id":1000000,"category_id":7,"verbose_level":"INFO","verbose_level_id":0,"msg":"saving checkpoint snapshot min: 45, snapshot max: 45 snapshot count: 0, oldest timestamp: (0, 0) , meta checkpoint timestamp: (0, 0) base write gen: 1"}}}
mongodb-1  | {"t":{"$date":"2026-09-21T22:16:51.547+00:00"},"s":"I",  "c":"WTCHKPT",  "id":22430,   "ctx":"SignalHandler","msg":"WiredTiger message","attr":{"message":{"ts_sec":1790029011,"ts_usec":546946,"thread":"28:0x7fc48ec816c0","session_name":"close_ckpt","category":"WT_VERB_CHECKPOINT_PROGRESS","log_id":1000000,"category_id":7,"verbose_level":"INFO","verbose_level_id":0,"msg":"Checkpoint ran for 0 seconds, wrote 18 pages (0 MB), walked 18 pages and checkpointed 12 files"}}}
mongodb-1  | {"t":{"$date":"2026-09-21T22:16:51.565+00:00"},"s":"I",  "c":"WTRECOV",  "id":22430,   "ctx":"SignalHandler","msg":"WiredTiger message","attr":{"message":{"ts_sec":1790029011,"ts_usec":565225,"thread":"28:0x7fc48ec816c0","session_name":"WT_CONNECTION.close","category":"WT_VERB_RECOVERY_PROGRESS","log_id":1000000,"category_id":35,"verbose_level":"INFO","verbose_level_id":0,"msg":"shutdown checkpoint has successfully finished and ran for 249 milliseconds"}}}
mongodb-1  | {"t":{"$date":"2026-09-21T22:16:51.566+00:00"},"s":"I",  "c":"WTRECOV",  "id":22430,   "ctx":"SignalHandler","msg":"WiredTiger message","attr":{"message":{"ts_sec":1790029011,"ts_usec":566015,"thread":"28:0x7fc48ec816c0","session_name":"WT_CONNECTION.close","category":"WT_VERB_RECOVERY_PROGRESS","log_id":1493200,"category_id":35,"verbose_level":"INFO","verbose_level_id":0,"msg":"shutdown was completed successfully and took 253ms, including 0ms for the rollback to stable, and 249ms for the checkpoint."}}}
mongodb-1  | {"t":{"$date":"2026-09-21T22:16:51.566+00:00"},"s":"I",  "c":"WTEVICT",  "id":22430,   "ctx":"SignalHandler","msg":"WiredTiger message","attr":{"message":{"ts_sec":1790029011,"ts_usec":566119,"thread":"28:0x7fc48ec816c0","session_name":"WT_CONNECTION.close","category":"WT_VERB_EVICTION","log_id":1000000,"category_id":15,"verbose_level":"INFO","verbose_level_id":0,"msg":"stopping eviction threads"}}}
mongodb-1  | {"t":{"$date":"2026-09-21T22:16:51.568+00:00"},"s":"I",  "c":"WTEVICT",  "id":22430,   "ctx":"SignalHandler","msg":"WiredTiger message","attr":{"message":{"ts_sec":1790029011,"ts_usec":568089,"thread":"28:0x7fc48ec816c0","session_name":"WT_CONNECTION.close","category":"WT_VERB_EVICTION","log_id":1000000,"category_id":15,"verbose_level":"INFO","verbose_level_id":0,"msg":"waiting for eviction threads to stop"}}}
mongodb-1  | {"t":{"$date":"2026-09-21T22:16:51.570+00:00"},"s":"I",  "c":"WTEVICT",  "id":22430,   "ctx":"thread43","msg":"WiredTiger message","attr":{"message":{"ts_sec":1790029011,"ts_usec":570156,"thread":"28:0x7fc4894766c0","session_dhandle_name":"file:WiredTigerHS.wt","session_name":"eviction-server","category":"WT_VERB_EVICTION","log_id":1000000,"category_id":15,"verbose_level":"INFO","verbose_level_id":0,"msg":"eviction thread exiting"}}}
mongodb-1  | {"t":{"$date":"2026-09-21T22:16:51.644+00:00"},"s":"I",  "c":"STORAGE",  "id":4795901, "ctx":"SignalHandler","msg":"WiredTiger closed","attr":{"durationMillis":332}}
mongodb-1  | {"t":{"$date":"2026-09-21T22:16:51.645+00:00"},"s":"I",  "c":"-",        "id":4784931, "ctx":"SignalHandler","msg":"Dropping the scope cache for shutdown"}
mongodb-1  | {"t":{"$date":"2026-09-21T22:16:51.645+00:00"},"s":"I",  "c":"CONTROL",  "id":10500904,"ctx":"SignalHandler","msg":"Shutting down OpenTelemetry metrics"}
mongodb-1  | {"t":{"$date":"2026-09-21T22:16:51.645+00:00"},"s":"I",  "c":"FTDC",     "id":20626,   "ctx":"SignalHandler","msg":"Shutting down full-time diagnostic data capture"}
mongodb-1  | {"t":{"$date":"2026-09-21T22:16:51.659+00:00"},"s":"I",  "c":"-",        "id":10175800,"ctx":"SignalHandler","msg":"Shutting down the standalone executor"}
mongodb-1  | {"t":{"$date":"2026-09-21T22:16:51.660+00:00"},"s":"I",  "c":"CONNPOOL", "id":22582,   "ctx":"SignalHandler","msg":"Killing all outstanding egress activity","attr":{"instanceName":"NetworkInterfaceTL-StandaloneNetwork","numKilledByType":{}}}
mongodb-1  | {"t":{"$date":"2026-09-21T22:16:51.661+00:00"},"s":"I",  "c":"CONTROL",  "id":20565,   "ctx":"SignalHandler","msg":"Now exiting"}
mongodb-1  | {"t":{"$date":"2026-09-21T22:16:51.661+00:00"},"s":"I",  "c":"STORAGE",  "id":22279,   "ctx":"SignalHandler","msg":"shutdown: removing fs lock..."}
mongodb-1  | {"t":{"$date":"2026-09-21T22:16:51.662+00:00"},"s":"I",  "c":"CONTROL",  "id":8423404, "ctx":"SignalHandler","msg":"mongod shutdown complete","attr":{"Summary of time elapsed":{"Statistics":{"enterTerminalShutdownMillis":0,"stepDownReplCoordMillis":17,"quiesceModeMillis":0,"stopFLECrudMillis":1,"shutDownMirrorMaestroMillis":0,"shutDownWaitForMajorityServiceMillis":2,"shutDownLogicalSessionCacheMillis":0,"shutDownGlobalConnectionPoolMillis":1,"shutDownSearchTaskExecutorsMillis":0,"shutDownFlowControlTicketHolderMillis":0,"shutDownAbortExpiredTransactionsThreadMillis":0,"shutDownRollbackUnderCachePressureThreadMillis":1,"killAllOperationsMillis":0,"shutDownOpenTransactionsMillis":1,"acquireRSTLMillis":0,"shutDownIndexBuildsCoordinatorMillis":0,"shutDownReplicaSetMonitorMillis":0,"shutDownTransportLayerMillis":0,"shutDownHealthLogMillis":0,"shutDownTTLMonitorMillis":1,"shutDownStorageEngineMillis":391,"shutDownOtelMetricsMillis":0,"shutDownOtelTracesMillis":0,"shutDownFTDCMillis":10,"shutDownReplicaSetNodeExecutorMillis":5,"closeLockFileMillis":0,"shutDownOCSPMillis":0,"shutdownTaskTotalMillis":434}}}}
mongodb-1  | {"t":{"$date":"2026-09-21T22:16:51.662+00:00"},"s":"I",  "c":"CONTROL",  "id":23138,   "ctx":"SignalHandler","msg":"Shutting down","attr":{"exitCode":0}}
mongodb-1  | 
mongodb-1  | MongoDB init process complete; ready for start up.
mongodb-1  | 
mongodb-1  | {"t":{"$date":"2026-09-21T22:16:52.391+00:00"},"s":"I",  "c":"-",        "id":8991200, "ctx":"main","msg":"Shuffling initializers","attr":{"seed":660290539}}
mongodb-1  | {"t":{"$date":"2026-09-21T22:16:52.426+00:00"},"s":"I",  "c":"CONTROL",  "id":97374,   "ctx":"main","msg":"Automatically disabling TLS 1.0 and TLS 1.1, to force-enable TLS 1.1 specify --sslDisabledProtocols 'TLS1_0'; to force-enable TLS 1.0 specify --sslDisabledProtocols 'none'"}
mongodb-1  | {"t":{"$date":"2026-09-21T22:16:52.437+00:00"},"s":"I",  "c":"CONTROL",  "id":10500903,"ctx":"main","msg":"Not initializing OpenTelemetry metrics"}
mongodb-1  | {"t":{"$date":"2026-09-21T22:16:52.439+00:00"},"s":"I",  "c":"EXECUTOR", "id":11280000,"ctx":"main","msg":"Starting thread pool","attr":{"poolName":"AuthorizationRouter","numThreads":0,"minThreads":0,"maxThreads":1000000000}}
mongodb-1  | {"t":{"$date":"2026-09-21T22:16:52.444+00:00"},"s":"I",  "c":"NETWORK",  "id":4915701, "ctx":"main","msg":"Initialized wire specification","attr":{"spec":{"incomingExternalClient":{"minWireVersion":0,"maxWireVersion":28},"incomingInternalClient":{"minWireVersion":0,"maxWireVersion":28},"outgoing":{"minWireVersion":6,"maxWireVersion":28},"isInternalClient":true}}}
mongodb-1  | {"t":{"$date":"2026-09-21T22:16:52.445+00:00"},"s":"I",  "c":"EXECUTOR", "id":11280000,"ctx":"main","msg":"Starting thread pool","attr":{"poolName":"ThreadPool1","numThreads":0,"minThreads":0,"maxThreads":1}}
mongodb-1  | {"t":{"$date":"2026-09-21T22:16:52.445+00:00"},"s":"I",  "c":"CONTROL",  "id":9859700, "ctx":"main","msg":"Not initializing OpenTelemetry"}
mongodb-1  | {"t":{"$date":"2026-09-21T22:16:52.446+00:00"},"s":"I",  "c":"CONTROL",  "id":5945603, "ctx":"main","msg":"Multi threading initialized"}
mongodb-1  | {"t":{"$date":"2026-09-21T22:16:52.447+00:00"},"s":"I",  "c":"EXECUTOR", "id":11280000,"ctx":"main","msg":"Starting thread pool","attr":{"poolName":"ReadWriteConcernDefaults","numThreads":0,"minThreads":0,"maxThreads":1}}
mongodb-1  | {"t":{"$date":"2026-09-21T22:16:52.448+00:00"},"s":"I",  "c":"CONTROL",  "id":4615611, "ctx":"initandlisten","msg":"MongoDB starting","attr":{"pid":1,"port":27017,"dbPath":"/data/db","architecture":"64-bit","host":"e6d53304f585"}}
mongodb-1  | {"t":{"$date":"2026-09-21T22:16:52.457+00:00"},"s":"I",  "c":"CONTROL",  "id":23403,   "ctx":"initandlisten","msg":"Build Info","attr":{"buildInfo":{"version":"8.3.11","gitVersion":"b8b83d6e6e1aed495578ad8c6f9234ad329c9955","openSSLVersion":"OpenSSL 3.0.13 30 Jan 2024","modules":[],"allocator":"tcmalloc-google","environment":{"distmod":"ubuntu2404","distarch":"x86_64","target_arch":"x86_64"}}}}
mongodb-1  | {"t":{"$date":"2026-09-21T22:16:52.457+00:00"},"s":"I",  "c":"CONTROL",  "id":51765,   "ctx":"initandlisten","msg":"Operating System","attr":{"os":{"name":"Ubuntu","version":"24.04"}}}
mongodb-1  | {"t":{"$date":"2026-09-21T22:16:52.457+00:00"},"s":"I",  "c":"CONTROL",  "id":21951,   "ctx":"initandlisten","msg":"Options set by command line","attr":{"options":{"net":{"bindIp":"*"},"security":{"authorization":"enabled"}}}}
mongodb-1  | {"t":{"$date":"2026-09-21T22:16:52.457+00:00"},"s":"I",  "c":"EXECUTOR", "id":11280000,"ctx":"initandlisten","msg":"Starting thread pool","attr":{"poolName":"OCSPManagerHTTP","numThreads":0,"minThreads":1,"maxThreads":10}}
mongodb-1  | {"t":{"$date":"2026-09-21T22:16:52.459+00:00"},"s":"I",  "c":"NETWORK",  "id":4648601, "ctx":"initandlisten","msg":"Implicit TCP FastOpen unavailable. If TCP FastOpen is required, set at least one of the related parameters","attr":{"relatedParameters":["tcpFastOpenServer","tcpFastOpenClient","tcpFastOpenQueueSize"]}}
mongodb-1  | {"t":{"$date":"2026-09-21T22:16:52.462+00:00"},"s":"I",  "c":"STORAGE",  "id":22270,   "ctx":"initandlisten","msg":"Storage engine to use detected by data files","attr":{"dbpath":"/data/db","storageEngine":"wiredTiger"}}
mongodb-1  | {"t":{"$date":"2026-09-21T22:16:52.463+00:00"},"s":"I",  "c":"STORAGE",  "id":22315,   "ctx":"initandlisten","msg":"Opening WiredTiger","attr":{"config":"create,cache_size=1155M,session_max=33000,eviction=(threads_min=4,threads_max=4),config_base=false,statistics=(fast),log=(enabled=true,remove=true,path=journal,compressor=snappy),builtin_extension_config=(zstd=(compression_level=6)),file_manager=(close_idle_time=600,close_scan_interval=10,close_handle_minimum=2000),statistics_log=(wait=0),json_output=(error,message),verbose=[recovery_progress:1,checkpoint_progress:1,compact_progress:1,live_restore_progress:1,backup:0,checkpoint:0,compact:0,disaggregated_storage:0,eviction:0,fileops:0,history_store:0,live_restore:0,recovery:0,rts:0,salvage:0,tiered:0,timestamp:0,transaction:0,verify:0,log:0],prefetch=(available=true,default=false),"}}
mongodb-1  | {"t":{"$date":"2026-09-21T22:16:52.479+00:00"},"s":"I",  "c":"WTRECOV",  "id":22430,   "ctx":"initandlisten","msg":"WiredTiger message","attr":{"message":{"ts_sec":1790029012,"ts_usec":479021,"thread":"1:0x7f11d6143f80","session_name":"wiredtiger_open","category":"WT_VERB_RECOVERY","log_id":1000000,"category_id":34,"verbose_level":"INFO","verbose_level_id":0,"msg":"opening the WiredTiger library"}}}
mongodb-1  | {"t":{"$date":"2026-09-21T22:16:52.622+00:00"},"s":"I",  "c":"WTRECOV",  "id":22430,   "ctx":"initandlisten","msg":"WiredTiger message","attr":{"message":{"ts_sec":1790029012,"ts_usec":622099,"thread":"1:0x7f11d6143f80","session_name":"connection","category":"WT_VERB_RECOVERY","log_id":1000000,"category_id":34,"verbose_level":"INFO","verbose_level_id":0,"msg":"connection configuration string parsing completed"}}}
mongodb-1  | {"t":{"$date":"2026-09-21T22:16:52.625+00:00"},"s":"I",  "c":"WTRECOV",  "id":22430,   "ctx":"initandlisten","msg":"WiredTiger message","attr":{"message":{"ts_sec":1790029012,"ts_usec":625424,"thread":"1:0x7f11d6143f80","session_name":"connection","category":"WT_VERB_RECOVERY","log_id":1000000,"category_id":34,"verbose_level":"INFO","verbose_level_id":0,"msg":"starting WiredTiger utility threads"}}}
mongodb-1  | {"t":{"$date":"2026-09-21T22:16:53.004+00:00"},"s":"I",  "c":"WTRECOV",  "id":22430,   "ctx":"initandlisten","msg":"WiredTiger message","attr":{"message":{"ts_sec":1790029013,"ts_usec":4014,"thread":"1:0x7f11d6143f80","session_name":"connection","category":"WT_VERB_RECOVERY","log_id":1000000,"category_id":34,"verbose_level":"INFO","verbose_level_id":0,"msg":"starting WiredTiger recovery"}}}
mongodb-1  | {"t":{"$date":"2026-09-21T22:16:53.005+00:00"},"s":"I",  "c":"WTRECOV",  "id":22430,   "ctx":"initandlisten","msg":"WiredTiger message","attr":{"message":{"ts_sec":1790029013,"ts_usec":5227,"thread":"1:0x7f11d6143f80","session_name":"txn-recover","category":"WT_VERB_RECOVERY_PROGRESS","log_id":1000000,"category_id":35,"verbose_level":"DEBUG_1","verbose_level_id":1,"msg":"Recovering log 1 through 2"}}}
mongodb-1  | {"t":{"$date":"2026-09-21T22:16:53.352+00:00"},"s":"I",  "c":"WTRECOV",  "id":22430,   "ctx":"initandlisten","msg":"WiredTiger message","attr":{"message":{"ts_sec":1790029013,"ts_usec":352798,"thread":"1:0x7f11d6143f80","session_name":"txn-recover","category":"WT_VERB_RECOVERY_PROGRESS","log_id":1000000,"category_id":35,"verbose_level":"DEBUG_1","verbose_level_id":1,"msg":"Recovering log 2 through 2"}}}
mongodb-1  | {"t":{"$date":"2026-09-21T22:16:53.820+00:00"},"s":"I",  "c":"WTRECOV",  "id":22430,   "ctx":"initandlisten","msg":"WiredTiger message","attr":{"message":{"ts_sec":1790029013,"ts_usec":820372,"thread":"1:0x7f11d6143f80","session_name":"txn-recover","category":"WT_VERB_RECOVERY","log_id":1000000,"category_id":34,"verbose_level":"INFO","verbose_level_id":0,"msg":"scanning metadata to remove all incomplete tables"}}}
mongodb-1  | {"t":{"$date":"2026-09-21T22:16:53.821+00:00"},"s":"I",  "c":"WTRECOV",  "id":22430,   "ctx":"initandlisten","msg":"WiredTiger message","attr":{"message":{"ts_sec":1790029013,"ts_usec":820801,"thread":"1:0x7f11d6143f80","session_name":"txn-recover","category":"WT_VERB_RECOVERY","log_id":1000000,"category_id":34,"verbose_level":"INFO","verbose_level_id":0,"msg":"scanning metadata to find the largest file ID"}}}
mongodb-1  | {"t":{"$date":"2026-09-21T22:16:53.822+00:00"},"s":"I",  "c":"WTRECOV",  "id":22430,   "ctx":"initandlisten","msg":"WiredTiger message","attr":{"message":{"ts_sec":1790029013,"ts_usec":822703,"thread":"1:0x7f11d6143f80","session_name":"txn-recover","category":"WT_VERB_RECOVERY","log_id":1000000,"category_id":34,"verbose_level":"INFO","verbose_level_id":0,"msg":"largest file ID found in the metadata 104"}}}
mongodb-1  | {"t":{"$date":"2026-09-21T22:16:53.825+00:00"},"s":"I",  "c":"WTRECOV",  "id":22430,   "ctx":"initandlisten","msg":"WiredTiger message","attr":{"message":{"ts_sec":1790029013,"ts_usec":825628,"thread":"1:0x7f11d6143f80","session_name":"txn-recover","category":"WT_VERB_RECOVERY","log_id":1000000,"category_id":34,"verbose_level":"INFO","verbose_level_id":0,"msg":"Main recovery loop: starting at 1,34176 to 2,256"}}}
mongodb-1  | {"t":{"$date":"2026-09-21T22:16:54.132+00:00"},"s":"I",  "c":"WTEVICT",  "id":22430,   "ctx":"initandlisten","msg":"WiredTiger message","attr":{"message":{"ts_sec":1790029014,"ts_usec":132764,"thread":"1:0x7f11d6143f80","session_name":"txn-recover","category":"WT_VERB_EVICTION","log_id":1000000,"category_id":15,"verbose_level":"INFO","verbose_level_id":0,"msg":"starting eviction threads"}}}
mongodb-1  | {"t":{"$date":"2026-09-21T22:16:54.134+00:00"},"s":"I",  "c":"WTRECOV",  "id":22430,   "ctx":"initandlisten","msg":"WiredTiger message","attr":{"message":{"ts_sec":1790029014,"ts_usec":134521,"thread":"1:0x7f11d6143f80","session_name":"txn-recover","category":"WT_VERB_RECOVERY_PROGRESS","log_id":1000000,"category_id":35,"verbose_level":"DEBUG_1","verbose_level_id":1,"msg":"Recovering log 1 through 2"}}}
mongodb-1  | {"t":{"$date":"2026-09-21T22:16:54.309+00:00"},"s":"I",  "c":"WTRECOV",  "id":22430,   "ctx":"initandlisten","msg":"WiredTiger message","attr":{"message":{"ts_sec":1790029014,"ts_usec":309155,"thread":"1:0x7f11d6143f80","session_name":"txn-recover","category":"WT_VERB_RECOVERY_PROGRESS","log_id":1000000,"category_id":35,"verbose_level":"DEBUG_1","verbose_level_id":1,"msg":"Recovering log 2 through 2"}}}
mongodb-1  | {"t":{"$date":"2026-09-21T22:16:54.407+00:00"},"s":"I",  "c":"WTRECOV",  "id":22430,   "ctx":"initandlisten","msg":"WiredTiger message","attr":{"message":{"ts_sec":1790029014,"ts_usec":407734,"thread":"1:0x7f11d6143f80","session_name":"txn-recover","category":"WT_VERB_RECOVERY","log_id":1000000,"category_id":34,"verbose_level":"INFO","verbose_level_id":0,"msg":"recovery log replay has successfully finished and ran for 1403 milliseconds"}}}
mongodb-1  | {"t":{"$date":"2026-09-21T22:16:54.407+00:00"},"s":"I",  "c":"WTRECOV",  "id":22430,   "ctx":"initandlisten","msg":"WiredTiger message","attr":{"message":{"ts_sec":1790029014,"ts_usec":407920,"thread":"1:0x7f11d6143f80","session_name":"txn-recover","category":"WT_VERB_RECOVERY_PROGRESS","log_id":1000000,"category_id":35,"verbose_level":"DEBUG_1","verbose_level_id":1,"msg":"Set global recovery timestamp: (0, 0)"}}}
mongodb-1  | {"t":{"$date":"2026-09-21T22:16:54.408+00:00"},"s":"I",  "c":"WTRECOV",  "id":22430,   "ctx":"initandlisten","msg":"WiredTiger message","attr":{"message":{"ts_sec":1790029014,"ts_usec":407975,"thread":"1:0x7f11d6143f80","session_name":"txn-recover","category":"WT_VERB_RECOVERY_PROGRESS","log_id":1000000,"category_id":35,"verbose_level":"DEBUG_1","verbose_level_id":1,"msg":"Set global oldest timestamp: (0, 0)"}}}
mongodb-1  | {"t":{"$date":"2026-09-21T22:16:54.408+00:00"},"s":"I",  "c":"WTRECOV",  "id":22430,   "ctx":"initandlisten","msg":"WiredTiger message","attr":{"message":{"ts_sec":1790029014,"ts_usec":408065,"thread":"1:0x7f11d6143f80","session_name":"txn-recover","category":"WT_VERB_RECOVERY","log_id":1000000,"category_id":34,"verbose_level":"INFO","verbose_level_id":0,"msg":"[RECOVERY_RTS] performing recovery rollback_to_stable with stable_timestamp=(0, 0) and oldest_timestamp=(0, 0)"}}}
mongodb-1  | {"t":{"$date":"2026-09-21T22:16:54.413+00:00"},"s":"I",  "c":"WTRECOV",  "id":22430,   "ctx":"initandlisten","msg":"WiredTiger message","attr":{"message":{"ts_sec":1790029014,"ts_usec":413011,"thread":"1:0x7f11d6143f80","session_name":"txn-recover","category":"WT_VERB_RECOVERY","log_id":1000000,"category_id":34,"verbose_level":"INFO","verbose_level_id":0,"msg":"recovery rollback to stable has successfully finished and ran for 4 milliseconds"}}}
mongodb-1  | {"t":{"$date":"2026-09-21T22:16:54.413+00:00"},"s":"I",  "c":"WTEVICT",  "id":22430,   "ctx":"initandlisten","msg":"WiredTiger message","attr":{"message":{"ts_sec":1790029014,"ts_usec":413155,"thread":"1:0x7f11d6143f80","session_name":"txn-recover","category":"WT_VERB_EVICTION","log_id":1000000,"category_id":15,"verbose_level":"INFO","verbose_level_id":0,"msg":"stopping eviction threads"}}}
mongodb-1  | {"t":{"$date":"2026-09-21T22:16:54.413+00:00"},"s":"I",  "c":"WTEVICT",  "id":22430,   "ctx":"initandlisten","msg":"WiredTiger message","attr":{"message":{"ts_sec":1790029014,"ts_usec":413243,"thread":"1:0x7f11d6143f80","session_name":"txn-recover","category":"WT_VERB_EVICTION","log_id":1000000,"category_id":15,"verbose_level":"INFO","verbose_level_id":0,"msg":"waiting for eviction threads to stop"}}}
mongodb-1  | {"t":{"$date":"2026-09-21T22:16:54.413+00:00"},"s":"I",  "c":"WTEVICT",  "id":22430,   "ctx":"thread8","msg":"WiredTiger message","attr":{"message":{"ts_sec":1790029014,"ts_usec":413490,"thread":"1:0x7f11d21196c0","session_dhandle_name":"file:WiredTigerHS.wt","session_name":"eviction-server","category":"WT_VERB_EVICTION","log_id":1000000,"category_id":15,"verbose_level":"INFO","verbose_level_id":0,"msg":"eviction thread exiting"}}}
mongodb-1  | {"t":{"$date":"2026-09-21T22:16:54.428+00:00"},"s":"I",  "c":"WTCHKPT",  "id":22430,   "ctx":"initandlisten","msg":"WiredTiger message","attr":{"message":{"ts_sec":1790029014,"ts_usec":428576,"thread":"1:0x7f11d6143f80","session_name":"WT_SESSION.checkpoint","category":"WT_VERB_CHECKPOINT","log_id":1000000,"category_id":5,"verbose_level":"INFO","verbose_level_id":0,"msg":"Checkpoint requested at stable timestamp (0, 0)"}}}
mongodb-1  | {"t":{"$date":"2026-09-21T22:16:54.429+00:00"},"s":"I",  "c":"WTCHKPT",  "id":22430,   "ctx":"initandlisten","msg":"WiredTiger message","attr":{"message":{"ts_sec":1790029014,"ts_usec":429867,"thread":"1:0x7f11d6143f80","session_name":"WT_SESSION.checkpoint","category":"WT_VERB_CHECKPOINT_PROGRESS","log_id":1000000,"category_id":7,"verbose_level":"INFO","verbose_level_id":0,"msg":"saving checkpoint snapshot min: 1, snapshot max: 1 snapshot count: 0, oldest timestamp: (0, 0) , meta checkpoint timestamp: (0, 0) base write gen: 7"}}}
mongodb-1  | {"t":{"$date":"2026-09-21T22:16:54.481+00:00"},"s":"I",  "c":"WTRECOV",  "id":22430,   "ctx":"initandlisten","msg":"WiredTiger message","attr":{"message":{"ts_sec":1790029014,"ts_usec":481816,"thread":"1:0x7f11d6143f80","session_name":"txn-recover","category":"WT_VERB_RECOVERY","log_id":1000000,"category_id":34,"verbose_level":"INFO","verbose_level_id":0,"msg":"recovery checkpoint has successfully finished and ran for 67 milliseconds"}}}
mongodb-1  | {"t":{"$date":"2026-09-21T22:16:54.482+00:00"},"s":"I",  "c":"WTRECOV",  "id":22430,   "ctx":"initandlisten","msg":"WiredTiger message","attr":{"message":{"ts_sec":1790029014,"ts_usec":481994,"thread":"1:0x7f11d6143f80","session_name":"txn-recover","category":"WT_VERB_RECOVERY","log_id":1493201,"category_id":34,"verbose_level":"INFO","verbose_level_id":0,"msg":"recovery was completed successfully and took 1477ms, including 1403ms for the log replay, 4ms for the rollback to stable, and 67ms for the checkpoint."}}}
mongodb-1  | {"t":{"$date":"2026-09-21T22:16:54.482+00:00"},"s":"I",  "c":"WTRECOV",  "id":22430,   "ctx":"initandlisten","msg":"WiredTiger message","attr":{"message":{"ts_sec":1790029014,"ts_usec":482049,"thread":"1:0x7f11d6143f80","session_name":"txn-recover","category":"WT_VERB_RECOVERY_PROGRESS","log_id":1493201,"category_id":35,"verbose_level":"INFO","verbose_level_id":0,"msg":"recovery was completed successfully and took 1477ms, including 1403ms for the log replay, 4ms for the rollback to stable, and 67ms for the checkpoint."}}}
mongodb-1  | {"t":{"$date":"2026-09-21T22:16:54.489+00:00"},"s":"I",  "c":"WTEVICT",  "id":22430,   "ctx":"initandlisten","msg":"WiredTiger message","attr":{"message":{"ts_sec":1790029014,"ts_usec":489004,"thread":"1:0x7f11d6143f80","session_name":"connection","category":"WT_VERB_EVICTION","log_id":1000000,"category_id":15,"verbose_level":"INFO","verbose_level_id":0,"msg":"starting eviction threads"}}}
mongodb-1  | {"t":{"$date":"2026-09-21T22:16:54.496+00:00"},"s":"I",  "c":"WTRECOV",  "id":22430,   "ctx":"initandlisten","msg":"WiredTiger message","attr":{"message":{"ts_sec":1790029014,"ts_usec":496331,"thread":"1:0x7f11d6143f80","session_name":"connection","category":"WT_VERB_RECOVERY","log_id":1000000,"category_id":34,"verbose_level":"INFO","verbose_level_id":0,"msg":"WiredTiger utility threads started successfully"}}}
mongodb-1  | {"t":{"$date":"2026-09-21T22:16:54.496+00:00"},"s":"I",  "c":"WTRECOV",  "id":22430,   "ctx":"initandlisten","msg":"WiredTiger message","attr":{"message":{"ts_sec":1790029014,"ts_usec":496457,"thread":"1:0x7f11d6143f80","session_name":"connection","category":"WT_VERB_RECOVERY","log_id":1000000,"category_id":34,"verbose_level":"INFO","verbose_level_id":0,"msg":"the WiredTiger library has successfully opened"}}}
mongodb-1  | {"t":{"$date":"2026-09-21T22:16:54.496+00:00"},"s":"I",  "c":"STORAGE",  "id":4795906, "ctx":"initandlisten","msg":"WiredTiger opened","attr":{"durationMillis":2033}}
mongodb-1  | {"t":{"$date":"2026-09-21T22:16:54.496+00:00"},"s":"I",  "c":"RECOVERY", "id":23987,   "ctx":"initandlisten","msg":"WiredTiger recoveryTimestamp","attr":{"recoveryTimestamp":{"$timestamp":{"t":0,"i":0}}}}
mongodb-1  | {"t":{"$date":"2026-09-21T22:16:54.496+00:00"},"s":"I",  "c":"STORAGE",  "id":9086700, "ctx":"initandlisten","msg":"WiredTiger session cache max value has been set","attr":{"sessionCacheMax":16500}}
mongodb-1  | {"t":{"$date":"2026-09-21T22:16:54.503+00:00"},"s":"I",  "c":"STORAGE",  "id":10158000,"ctx":"initandlisten","msg":"Opening spill WiredTiger","attr":{"config":"create,cache_size=100M,session_max=1024,eviction=(threads_min=1,threads_max=1),eviction_dirty_target=5MB,eviction_dirty_trigger=80MB,eviction_updates_trigger=80MB,config_base=false,statistics=(fast),builtin_extension_config=(zstd=(compression_level=-7)),file_manager=(close_idle_time=600,close_scan_interval=10,close_handle_minimum=2000),statistics_log=(wait=0),json_output=(error,message),verbose=[recovery_progress:1,checkpoint_progress:1,compact_progress:1,live_restore_progress:1,backup:0,checkpoint:0,compact:0,disaggregated_storage:0,eviction:0,fileops:0,history_store:0,live_restore:0,recovery:0,rts:0,salvage:0,tiered:0,timestamp:0,transaction:0,verify:0,log:0],"}}
mongodb-1  | {"t":{"$date":"2026-09-21T22:16:54.517+00:00"},"s":"I",  "c":"WTRECOV",  "id":22430,   "ctx":"initandlisten","msg":"WiredTiger message","attr":{"message":{"ts_sec":1790029014,"ts_usec":517424,"thread":"1:0x7f11d6143f80","session_name":"wiredtiger_open","category":"WT_VERB_RECOVERY","log_id":1000000,"category_id":34,"verbose_level":"INFO","verbose_level_id":0,"msg":"opening the WiredTiger library"}}}
mongodb-1  | {"t":{"$date":"2026-09-21T22:16:54.526+00:00"},"s":"I",  "c":"WTRECOV",  "id":22430,   "ctx":"initandlisten","msg":"WiredTiger message","attr":{"message":{"ts_sec":1790029014,"ts_usec":525978,"thread":"1:0x7f11d6143f80","session_name":"connection","category":"WT_VERB_RECOVERY","log_id":1000000,"category_id":34,"verbose_level":"INFO","verbose_level_id":0,"msg":"connection configuration string parsing completed"}}}
mongodb-1  | {"t":{"$date":"2026-09-21T22:16:54.550+00:00"},"s":"I",  "c":"WTRECOV",  "id":22430,   "ctx":"initandlisten","msg":"WiredTiger message","attr":{"message":{"ts_sec":1790029014,"ts_usec":550189,"thread":"1:0x7f11d6143f80","session_name":"connection","category":"WT_VERB_RECOVERY","log_id":1000000,"category_id":34,"verbose_level":"INFO","verbose_level_id":0,"msg":"starting WiredTiger utility threads"}}}
mongodb-1  | {"t":{"$date":"2026-09-21T22:16:54.551+00:00"},"s":"I",  "c":"WTRECOV",  "id":22430,   "ctx":"initandlisten","msg":"WiredTiger message","attr":{"message":{"ts_sec":1790029014,"ts_usec":551087,"thread":"1:0x7f11d6143f80","session_name":"connection","category":"WT_VERB_RECOVERY","log_id":1000000,"category_id":34,"verbose_level":"INFO","verbose_level_id":0,"msg":"starting WiredTiger recovery"}}}
mongodb-1  | {"t":{"$date":"2026-09-21T22:16:54.551+00:00"},"s":"I",  "c":"WTRECOV",  "id":22430,   "ctx":"initandlisten","msg":"WiredTiger message","attr":{"message":{"ts_sec":1790029014,"ts_usec":551392,"thread":"1:0x7f11d6143f80","session_name":"txn-recover","category":"WT_VERB_RECOVERY","log_id":1000000,"category_id":34,"verbose_level":"INFO","verbose_level_id":0,"msg":"scanning metadata to remove all incomplete tables"}}}
mongodb-1  | {"t":{"$date":"2026-09-21T22:16:54.551+00:00"},"s":"I",  "c":"WTRECOV",  "id":22430,   "ctx":"initandlisten","msg":"WiredTiger message","attr":{"message":{"ts_sec":1790029014,"ts_usec":551509,"thread":"1:0x7f11d6143f80","session_name":"txn-recover","category":"WT_VERB_RECOVERY","log_id":1000000,"category_id":34,"verbose_level":"INFO","verbose_level_id":0,"msg":"scanning metadata to find the largest file ID"}}}
mongodb-1  | {"t":{"$date":"2026-09-21T22:16:54.551+00:00"},"s":"I",  "c":"WTRECOV",  "id":22430,   "ctx":"initandlisten","msg":"WiredTiger message","attr":{"message":{"ts_sec":1790029014,"ts_usec":551590,"thread":"1:0x7f11d6143f80","session_name":"txn-recover","category":"WT_VERB_RECOVERY","log_id":1000000,"category_id":34,"verbose_level":"INFO","verbose_level_id":0,"msg":"largest file ID found in the metadata 0"}}}
mongodb-1  | {"t":{"$date":"2026-09-21T22:16:54.551+00:00"},"s":"I",  "c":"WTRECOV",  "id":22430,   "ctx":"initandlisten","msg":"WiredTiger message","attr":{"message":{"ts_sec":1790029014,"ts_usec":551646,"thread":"1:0x7f11d6143f80","session_name":"txn-recover","category":"WT_VERB_RECOVERY","log_id":1000000,"category_id":34,"verbose_level":"INFO","verbose_level_id":0,"msg":"recovery log replay has successfully finished and ran for 0 milliseconds"}}}
mongodb-1  | {"t":{"$date":"2026-09-21T22:16:54.551+00:00"},"s":"I",  "c":"WTRECOV",  "id":22430,   "ctx":"initandlisten","msg":"WiredTiger message","attr":{"message":{"ts_sec":1790029014,"ts_usec":551720,"thread":"1:0x7f11d6143f80","session_name":"txn-recover","category":"WT_VERB_RECOVERY_PROGRESS","log_id":1000000,"category_id":35,"verbose_level":"DEBUG_1","verbose_level_id":1,"msg":"Set global recovery timestamp: (0, 0)"}}}
mongodb-1  | {"t":{"$date":"2026-09-21T22:16:54.551+00:00"},"s":"I",  "c":"WTRECOV",  "id":22430,   "ctx":"initandlisten","msg":"WiredTiger message","attr":{"message":{"ts_sec":1790029014,"ts_usec":551777,"thread":"1:0x7f11d6143f80","session_name":"txn-recover","category":"WT_VERB_RECOVERY_PROGRESS","log_id":1000000,"category_id":35,"verbose_level":"DEBUG_1","verbose_level_id":1,"msg":"Set global oldest timestamp: (0, 0)"}}}
mongodb-1  | {"t":{"$date":"2026-09-21T22:16:54.551+00:00"},"s":"I",  "c":"WTRECOV",  "id":22430,   "ctx":"initandlisten","msg":"WiredTiger message","attr":{"message":{"ts_sec":1790029014,"ts_usec":551879,"thread":"1:0x7f11d6143f80","session_name":"txn-recover","category":"WT_VERB_RECOVERY","log_id":1493201,"category_id":34,"verbose_level":"INFO","verbose_level_id":0,"msg":"recovery was completed successfully and took 0ms, including 0ms for the log replay, 0ms for the rollback to stable, and 0ms for the checkpoint."}}}
mongodb-1  | {"t":{"$date":"2026-09-21T22:16:54.551+00:00"},"s":"I",  "c":"WTRECOV",  "id":22430,   "ctx":"initandlisten","msg":"WiredTiger message","attr":{"message":{"ts_sec":1790029014,"ts_usec":551952,"thread":"1:0x7f11d6143f80","session_name":"txn-recover","category":"WT_VERB_RECOVERY_PROGRESS","log_id":1493201,"category_id":35,"verbose_level":"INFO","verbose_level_id":0,"msg":"recovery was completed successfully and took 0ms, including 0ms for the log replay, 0ms for the rollback to stable, and 0ms for the checkpoint."}}}
mongodb-1  | {"t":{"$date":"2026-09-21T22:16:54.685+00:00"},"s":"I",  "c":"WTEVICT",  "id":22430,   "ctx":"initandlisten","msg":"WiredTiger message","attr":{"message":{"ts_sec":1790029014,"ts_usec":685269,"thread":"1:0x7f11d6143f80","session_name":"connection","category":"WT_VERB_EVICTION","log_id":1000000,"category_id":15,"verbose_level":"INFO","verbose_level_id":0,"msg":"starting eviction threads"}}}
mongodb-1  | {"t":{"$date":"2026-09-21T22:16:54.689+00:00"},"s":"I",  "c":"WTRECOV",  "id":22430,   "ctx":"initandlisten","msg":"WiredTiger message","attr":{"message":{"ts_sec":1790029014,"ts_usec":689503,"thread":"1:0x7f11d6143f80","session_name":"connection","category":"WT_VERB_RECOVERY","log_id":1000000,"category_id":34,"verbose_level":"INFO","verbose_level_id":0,"msg":"WiredTiger utility threads started successfully"}}}
mongodb-1  | {"t":{"$date":"2026-09-21T22:16:54.689+00:00"},"s":"I",  "c":"WTRECOV",  "id":22430,   "ctx":"initandlisten","msg":"WiredTiger message","attr":{"message":{"ts_sec":1790029014,"ts_usec":689623,"thread":"1:0x7f11d6143f80","session_name":"connection","category":"WT_VERB_RECOVERY","log_id":1000000,"category_id":34,"verbose_level":"INFO","verbose_level_id":0,"msg":"the WiredTiger library has successfully opened"}}}
mongodb-1  | {"t":{"$date":"2026-09-21T22:16:54.689+00:00"},"s":"I",  "c":"STORAGE",  "id":10158001,"ctx":"initandlisten","msg":"Spill WiredTiger opened","attr":{"durationMillis":186}}
mongodb-1  | {"t":{"$date":"2026-09-21T22:16:54.690+00:00"},"s":"I",  "c":"STORAGE",  "id":11503101,"ctx":"initandlisten","msg":"Loading MDB catalog"}
mongodb-1  | {"t":{"$date":"2026-09-21T22:16:54.693+00:00"},"s":"I",  "c":"STORAGE",  "id":9529901, "ctx":"initandlisten","msg":"Initializing durable catalog","attr":{"numRecords":4}}
mongodb-1  | {"t":{"$date":"2026-09-21T22:16:54.695+00:00"},"s":"I",  "c":"STORAGE",  "id":9529902, "ctx":"initandlisten","msg":"Retrieving all idents from storage engine"}
mongodb-1  | {"t":{"$date":"2026-09-21T22:16:54.695+00:00"},"s":"I",  "c":"STORAGE",  "id":9529903, "ctx":"initandlisten","msg":"Initializing all collections in durable catalog","attr":{"numEntries":4}}
mongodb-1  | {"t":{"$date":"2026-09-21T22:16:54.695+00:00"},"s":"I",  "c":"STORAGE",  "id":11503103,"ctx":"initandlisten","msg":"Initializing collection catalog"}
mongodb-1  | {"t":{"$date":"2026-09-21T22:16:54.696+00:00"},"s":"W",  "c":"CONTROL",  "id":22184,   "ctx":"initandlisten","msg":"Soft rlimits for open file descriptors too low","attr":{"currentValue":1024,"recommendedMinimum":64000},"tags":["startupWarnings"]}
mongodb-1  | {"t":{"$date":"2026-09-21T22:16:54.697+00:00"},"s":"W",  "c":"CONTROL",  "id":9068900, "ctx":"initandlisten","msg":"For customers running the current memory allocator, we suggest changing the contents of the following sysfsFile","attr":{"allocator":"tcmalloc-google","sysfsFile":"/sys/kernel/mm/transparent_hugepage/enabled","currentValue":"never","desiredValue":"always"},"tags":["startupWarnings"]}
mongodb-1  | {"t":{"$date":"2026-09-21T22:16:54.697+00:00"},"s":"W",  "c":"CONTROL",  "id":9068900, "ctx":"initandlisten","msg":"For customers running the current memory allocator, we suggest changing the contents of the following sysfsFile","attr":{"allocator":"tcmalloc-google","sysfsFile":"/sys/kernel/mm/transparent_hugepage/defrag","currentValue":"madvise","desiredValue":"defer+madvise"},"tags":["startupWarnings"]}
mongodb-1  | {"t":{"$date":"2026-09-21T22:16:54.697+00:00"},"s":"W",  "c":"CONTROL",  "id":8640302, "ctx":"initandlisten","msg":"We suggest setting the contents of sysfsFile to 0.","attr":{"sysfsFile":"/sys/kernel/mm/transparent_hugepage/khugepaged/max_ptes_none","currentValue":511},"tags":["startupWarnings"]}
mongodb-1  | {"t":{"$date":"2026-09-21T22:16:54.697+00:00"},"s":"W",  "c":"CONTROL",  "id":8386700, "ctx":"initandlisten","msg":"We suggest setting swappiness to 0 or 1, as swapping can cause performance problems.","attr":{"sysfsFile":"/proc/sys/vm/swappiness","currentValue":20},"tags":["startupWarnings"]}
mongodb-1  | {"t":{"$date":"2026-09-21T22:16:54.700+00:00"},"s":"I",  "c":"NETWORK",  "id":4915702, "ctx":"initandlisten","msg":"Updated wire specification","attr":{"oldSpec":{"incomingExternalClient":{"minWireVersion":0,"maxWireVersion":28},"incomingInternalClient":{"minWireVersion":0,"maxWireVersion":28},"outgoing":{"minWireVersion":6,"maxWireVersion":28},"isInternalClient":true},"newSpec":{"incomingExternalClient":{"minWireVersion":0,"maxWireVersion":28},"incomingInternalClient":{"minWireVersion":28,"maxWireVersion":28},"outgoing":{"minWireVersion":28,"maxWireVersion":28},"isInternalClient":true}}}
mongodb-1  | {"t":{"$date":"2026-09-21T22:16:54.700+00:00"},"s":"I",  "c":"REPL",     "id":5853300, "ctx":"initandlisten","msg":"current featureCompatibilityVersion value","attr":{"featureCompatibilityVersion":"8.3","context":"startup"}}
mongodb-1  | {"t":{"$date":"2026-09-21T22:16:54.701+00:00"},"s":"I",  "c":"STORAGE",  "id":5071100, "ctx":"initandlisten","msg":"Clearing temp directory"}
mongodb-1  | {"t":{"$date":"2026-09-21T22:16:54.701+00:00"},"s":"I",  "c":"STORAGE",  "id":10682200,"ctx":"initandlisten","msg":"Dropping spill idents","attr":{"numIdents":0}}
mongodb-1  | {"t":{"$date":"2026-09-21T22:16:54.702+00:00"},"s":"I",  "c":"CONTROL",  "id":6608200, "ctx":"initandlisten","msg":"Initializing cluster server parameters from disk"}
mongodb-1  | {"t":{"$date":"2026-09-21T22:16:54.702+00:00"},"s":"I",  "c":"CONTROL",  "id":20536,   "ctx":"initandlisten","msg":"Flow Control is enabled on this deployment"}
mongodb-1  | {"t":{"$date":"2026-09-21T22:16:54.704+00:00"},"s":"I",  "c":"FTDC",     "id":20625,   "ctx":"initandlisten","msg":"Initializing full-time diagnostic data capture","attr":{"dataDirectory":"/data/db/diagnostic.data"}}
mongodb-1  | {"t":{"$date":"2026-09-21T22:16:54.704+00:00"},"s":"I",  "c":"QUERY",    "id":8972602, "ctx":"initandlisten","msg":"Setting up MozJS engine."}
mongodb-1  | {"t":{"$date":"2026-09-21T22:16:54.706+00:00"},"s":"I",  "c":"EXECUTOR", "id":11280000,"ctx":"initandlisten","msg":"Starting thread pool","attr":{"poolName":"deferred writer pool","numThreads":0,"minThreads":0,"maxThreads":1}}
mongodb-1  | {"t":{"$date":"2026-09-21T22:16:54.706+00:00"},"s":"I",  "c":"EXECUTOR", "id":11280000,"ctx":"initandlisten","msg":"Starting thread pool","attr":{"poolName":"StandaloneThreadPool","numThreads":0,"minThreads":1,"maxThreads":1000000000}}
mongodb-1  | {"t":{"$date":"2026-09-21T22:16:54.707+00:00"},"s":"I",  "c":"EXECUTOR", "id":11280000,"ctx":"initandlisten","msg":"Starting thread pool","attr":{"poolName":"WaitForMajorityServiceReadThreadPool","numThreads":0,"minThreads":0,"maxThreads":2}}
mongodb-1  | {"t":{"$date":"2026-09-21T22:16:54.707+00:00"},"s":"I",  "c":"EXECUTOR", "id":11280000,"ctx":"initandlisten","msg":"Starting thread pool","attr":{"poolName":"WaitForMajorityServiceWriteThreadPool","numThreads":0,"minThreads":0,"maxThreads":2}}
mongodb-1  | {"t":{"$date":"2026-09-21T22:16:54.717+00:00"},"s":"I",  "c":"REPL",     "id":6015317, "ctx":"initandlisten","msg":"Setting new configuration state","attr":{"newState":"ConfigReplicationDisabled","oldState":"ConfigPreStart"}}
mongodb-1  | {"t":{"$date":"2026-09-21T22:16:54.717+00:00"},"s":"I",  "c":"EXECUTOR", "id":11280000,"ctx":"initandlisten","msg":"Starting thread pool","attr":{"poolName":"TTLMonitorMetadataRefresh","numThreads":0,"minThreads":0,"maxThreads":5}}
mongodb-1  | {"t":{"$date":"2026-09-21T22:16:54.717+00:00"},"s":"I",  "c":"STORAGE",  "id":22262,   "ctx":"initandlisten","msg":"Timestamp monitor starting"}
mongodb-1  | {"t":{"$date":"2026-09-21T22:16:54.718+00:00"},"s":"I",  "c":"STORAGE",  "id":7333401, "ctx":"initandlisten","msg":"Starting the DiskSpaceMonitor"}
mongodb-1  | {"t":{"$date":"2026-09-21T22:16:54.722+00:00"},"s":"I",  "c":"EXECUTOR", "id":11280000,"ctx":"initandlisten","msg":"Starting thread pool","attr":{"poolName":"StatsCache","numThreads":0,"minThreads":0,"maxThreads":2}}
mongodb-1  | {"t":{"$date":"2026-09-21T22:16:54.723+00:00"},"s":"I",  "c":"NETWORK",  "id":23015,   "ctx":"listener","msg":"Listening on","attr":{"address":"0.0.0.0:27017"}}
mongodb-1  | {"t":{"$date":"2026-09-21T22:16:54.723+00:00"},"s":"I",  "c":"NETWORK",  "id":23015,   "ctx":"listener","msg":"Listening on","attr":{"address":"/tmp/mongodb-27017.sock"}}
mongodb-1  | {"t":{"$date":"2026-09-21T22:16:54.723+00:00"},"s":"I",  "c":"NETWORK",  "id":23016,   "ctx":"listener","msg":"Waiting for connections","attr":{"port":27017,"ssl":"off"}}
mongodb-1  | {"t":{"$date":"2026-09-21T22:16:54.723+00:00"},"s":"I",  "c":"CONTROL",  "id":8423403, "ctx":"initandlisten","msg":"mongod startup complete","attr":{"Summary of time elapsed":{"Startup from clean shutdown?":true,"Statistics":{"createLockFileMillis":0,"setUpPeriodicRunnerMillis":0,"setUpOCSPMillis":1,"setUpTransportLayerMillis":0,"initSyncCrashRecoveryMillis":0,"getStorageEngineMetadataMillis":0,"validateMetadataMillis":0,"createStorageEngineMillis":2233,"initializeFCVForIndexMillis":3,"dropAbandonedIdentsMillis":0,"standaloneClusterParamsMillis":0,"userAndRolesGraphMillis":0,"createSystemUsersIndexMillis":0,"waitForMajorityServiceMillis":0,"startUpReplCoordMillis":6,"recoverChangeStreamMillis":0,"logStartupOptionsMillis":0,"startUpTransportLayerMillis":1,"initAndListenTotalMillis":2275}}}}
mongodb-1  | {"t":{"$date":"2026-09-21T22:16:55.502+00:00"},"s":"I",  "c":"NETWORK",  "id":22943,   "ctx":"listener","msg":"Connection accepted","attr":{"remote":"172.18.0.1:46334","isLoadBalanced":false,"isProxyUnixSock":false,"isPriority":false,"uuid":{"uuid":{"$uuid":"995f1975-fa4f-4e63-a7de-36b758d96ccf"}},"connectionId":1,"local":"172.18.0.4:27017","connectionCount":1}}
mongodb-1  | {"t":{"$date":"2026-09-21T22:16:55.703+00:00"},"s":"I",  "c":"NETWORK",  "id":22944,   "ctx":"conn1","msg":"Connection ended","attr":{"remote":"172.18.0.1:46334","isLoadBalanced":false,"isProxyUnixSock":false,"isPriority":false,"uuid":{"uuid":{"$uuid":"995f1975-fa4f-4e63-a7de-36b758d96ccf"}},"connectionId":1,"local":"172.18.0.4:27017","connectionCount":0}}
mongodb-1  | {"t":{"$date":"2026-09-21T22:16:56.911+00:00"},"s":"I",  "c":"NETWORK",  "id":22943,   "ctx":"listener","msg":"Connection accepted","attr":{"remote":"172.18.0.1:46340","isLoadBalanced":false,"isProxyUnixSock":false,"isPriority":false,"uuid":{"uuid":{"$uuid":"225c96c0-c01f-42fb-9c84-923eafd8959a"}},"connectionId":2,"local":"172.18.0.4:27017","connectionCount":1}}
mongodb-1  | {"t":{"$date":"2026-09-21T22:16:57.121+00:00"},"s":"I",  "c":"NETWORK",  "id":22944,   "ctx":"conn2","msg":"Connection ended","attr":{"remote":"172.18.0.1:46340","isLoadBalanced":false,"isProxyUnixSock":false,"isPriority":false,"uuid":{"uuid":{"$uuid":"225c96c0-c01f-42fb-9c84-923eafd8959a"}},"connectionId":2,"local":"172.18.0.4:27017","connectionCount":0}}
mongodb-1  | {"t":{"$date":"2026-09-21T22:16:58.335+00:00"},"s":"I",  "c":"NETWORK",  "id":22943,   "ctx":"listener","msg":"Connection accepted","attr":{"remote":"172.18.0.1:46344","isLoadBalanced":false,"isProxyUnixSock":false,"isPriority":false,"uuid":{"uuid":{"$uuid":"51f60529-737c-47b9-b9db-7e89a1bccc13"}},"connectionId":3,"local":"172.18.0.4:27017","connectionCount":1}}
mongodb-1  | {"t":{"$date":"2026-09-21T22:16:58.541+00:00"},"s":"I",  "c":"NETWORK",  "id":22944,   "ctx":"conn3","msg":"Connection ended","attr":{"remote":"172.18.0.1:46344","isLoadBalanced":false,"isProxyUnixSock":false,"isPriority":false,"uuid":{"uuid":{"$uuid":"51f60529-737c-47b9-b9db-7e89a1bccc13"}},"connectionId":3,"local":"172.18.0.4:27017","connectionCount":0}}
mongodb-1  | {"t":{"$date":"2026-09-21T22:16:59.761+00:00"},"s":"I",  "c":"NETWORK",  "id":22943,   "ctx":"listener","msg":"Connection accepted","attr":{"remote":"172.18.0.1:46358","isLoadBalanced":false,"isProxyUnixSock":false,"isPriority":false,"uuid":{"uuid":{"$uuid":"0cd9382d-9e00-4848-99e1-12952c896b1a"}},"connectionId":4,"local":"172.18.0.4:27017","connectionCount":1}}
mongodb-1  | {"t":{"$date":"2026-09-21T22:16:59.952+00:00"},"s":"I",  "c":"NETWORK",  "id":22944,   "ctx":"conn4","msg":"Connection ended","attr":{"remote":"172.18.0.1:46358","isLoadBalanced":false,"isProxyUnixSock":false,"isPriority":false,"uuid":{"uuid":{"$uuid":"0cd9382d-9e00-4848-99e1-12952c896b1a"}},"connectionId":4,"local":"172.18.0.4:27017","connectionCount":0}}
mongodb-1  | {"t":{"$date":"2026-09-21T22:17:01.164+00:00"},"s":"I",  "c":"NETWORK",  "id":22943,   "ctx":"listener","msg":"Connection accepted","attr":{"remote":"172.18.0.1:37220","isLoadBalanced":false,"isProxyUnixSock":false,"isPriority":false,"uuid":{"uuid":{"$uuid":"f964d233-f4a1-4224-aa6c-e79625629c5e"}},"connectionId":5,"local":"172.18.0.4:27017","connectionCount":1}}
mongodb-1  | {"t":{"$date":"2026-09-21T22:17:01.365+00:00"},"s":"I",  "c":"NETWORK",  "id":22944,   "ctx":"conn5","msg":"Connection ended","attr":{"remote":"172.18.0.1:37220","isLoadBalanced":false,"isProxyUnixSock":false,"isPriority":false,"uuid":{"uuid":{"$uuid":"f964d233-f4a1-4224-aa6c-e79625629c5e"}},"connectionId":5,"local":"172.18.0.4:27017","connectionCount":0}}
mongodb-1  | {"t":{"$date":"2026-09-21T22:17:02.569+00:00"},"s":"I",  "c":"NETWORK",  "id":22943,   "ctx":"listener","msg":"Connection accepted","attr":{"remote":"172.18.0.1:37228","isLoadBalanced":false,"isProxyUnixSock":false,"isPriority":false,"uuid":{"uuid":{"$uuid":"543170a4-1937-4de1-be33-f4d5c55a9e70"}},"connectionId":6,"local":"172.18.0.4:27017","connectionCount":1}}
mongodb-1  | {"t":{"$date":"2026-09-21T22:17:02.771+00:00"},"s":"I",  "c":"NETWORK",  "id":22944,   "ctx":"conn6","msg":"Connection ended","attr":{"remote":"172.18.0.1:37228","isLoadBalanced":false,"isProxyUnixSock":false,"isPriority":false,"uuid":{"uuid":{"$uuid":"543170a4-1937-4de1-be33-f4d5c55a9e70"}},"connectionId":6,"local":"172.18.0.4:27017","connectionCount":0}}
mongodb-1  | {"t":{"$date":"2026-09-21T22:17:03.974+00:00"},"s":"I",  "c":"NETWORK",  "id":22943,   "ctx":"listener","msg":"Connection accepted","attr":{"remote":"172.18.0.1:37232","isLoadBalanced":false,"isProxyUnixSock":false,"isPriority":false,"uuid":{"uuid":{"$uuid":"04c47606-c9a7-42f9-b3c1-5d10d32e3d5a"}},"connectionId":7,"local":"172.18.0.4:27017","connectionCount":1}}
mongodb-1  | {"t":{"$date":"2026-09-21T22:17:04.177+00:00"},"s":"I",  "c":"NETWORK",  "id":22944,   "ctx":"conn7","msg":"Connection ended","attr":{"remote":"172.18.0.1:37232","isLoadBalanced":false,"isProxyUnixSock":false,"isPriority":false,"uuid":{"uuid":{"$uuid":"04c47606-c9a7-42f9-b3c1-5d10d32e3d5a"}},"connectionId":7,"local":"172.18.0.4:27017","connectionCount":0}}
mongodb-1  | {"t":{"$date":"2026-09-21T22:17:05.385+00:00"},"s":"I",  "c":"NETWORK",  "id":22943,   "ctx":"listener","msg":"Connection accepted","attr":{"remote":"172.18.0.1:37238","isLoadBalanced":false,"isProxyUnixSock":false,"isPriority":false,"uuid":{"uuid":{"$uuid":"317f478c-1443-4751-9138-8fa1c5117fe2"}},"connectionId":8,"local":"172.18.0.4:27017","connectionCount":1}}
mongodb-1  | {"t":{"$date":"2026-09-21T22:17:05.587+00:00"},"s":"I",  "c":"NETWORK",  "id":22944,   "ctx":"conn8","msg":"Connection ended","attr":{"remote":"172.18.0.1:37238","isLoadBalanced":false,"isProxyUnixSock":false,"isPriority":false,"uuid":{"uuid":{"$uuid":"317f478c-1443-4751-9138-8fa1c5117fe2"}},"connectionId":8,"local":"172.18.0.4:27017","connectionCount":0}}
mongodb-1  | {"t":{"$date":"2026-09-21T22:17:06.795+00:00"},"s":"I",  "c":"NETWORK",  "id":22943,   "ctx":"listener","msg":"Connection accepted","attr":{"remote":"172.18.0.1:37240","isLoadBalanced":false,"isProxyUnixSock":false,"isPriority":false,"uuid":{"uuid":{"$uuid":"714fd2a0-57c2-4ce1-8061-8e34a289a45f"}},"connectionId":9,"local":"172.18.0.4:27017","connectionCount":1}}
mongodb-1  | {"t":{"$date":"2026-09-21T22:17:06.996+00:00"},"s":"I",  "c":"NETWORK",  "id":22944,   "ctx":"conn9","msg":"Connection ended","attr":{"remote":"172.18.0.1:37240","isLoadBalanced":false,"isProxyUnixSock":false,"isPriority":false,"uuid":{"uuid":{"$uuid":"714fd2a0-57c2-4ce1-8061-8e34a289a45f"}},"connectionId":9,"local":"172.18.0.4:27017","connectionCount":0}}
mongodb-1  | {"t":{"$date":"2026-09-21T22:17:08.216+00:00"},"s":"I",  "c":"NETWORK",  "id":22943,   "ctx":"listener","msg":"Connection accepted","attr":{"remote":"172.18.0.1:37242","isLoadBalanced":false,"isProxyUnixSock":false,"isPriority":false,"uuid":{"uuid":{"$uuid":"475bf73e-0b73-423c-bcd0-8cb91de4cacd"}},"connectionId":10,"local":"172.18.0.4:27017","connectionCount":1}}
mongodb-1  | {"t":{"$date":"2026-09-21T22:17:08.417+00:00"},"s":"I",  "c":"NETWORK",  "id":22944,   "ctx":"conn10","msg":"Connection ended","attr":{"remote":"172.18.0.1:37242","isLoadBalanced":false,"isProxyUnixSock":false,"isPriority":false,"uuid":{"uuid":{"$uuid":"475bf73e-0b73-423c-bcd0-8cb91de4cacd"}},"connectionId":10,"local":"172.18.0.4:27017","connectionCount":0}}
mongodb-1  | {"t":{"$date":"2026-09-21T22:17:09.623+00:00"},"s":"I",  "c":"NETWORK",  "id":22943,   "ctx":"listener","msg":"Connection accepted","attr":{"remote":"172.18.0.1:37256","isLoadBalanced":false,"isProxyUnixSock":false,"isPriority":false,"uuid":{"uuid":{"$uuid":"5c406805-ecb3-4142-a83f-29370013dcb6"}},"connectionId":11,"local":"172.18.0.4:27017","connectionCount":1}}
mongodb-1  | {"t":{"$date":"2026-09-21T22:17:09.824+00:00"},"s":"I",  "c":"NETWORK",  "id":22944,   "ctx":"conn11","msg":"Connection ended","attr":{"remote":"172.18.0.1:37256","isLoadBalanced":false,"isProxyUnixSock":false,"isPriority":false,"uuid":{"uuid":{"$uuid":"5c406805-ecb3-4142-a83f-29370013dcb6"}},"connectionId":11,"local":"172.18.0.4:27017","connectionCount":0}}
mongodb-1  | {"t":{"$date":"2026-09-21T22:17:11.033+00:00"},"s":"I",  "c":"NETWORK",  "id":22943,   "ctx":"listener","msg":"Connection accepted","attr":{"remote":"172.18.0.1:38576","isLoadBalanced":false,"isProxyUnixSock":false,"isPriority":false,"uuid":{"uuid":{"$uuid":"b30c3195-80cf-4cbe-8b07-b46a50c7fafc"}},"connectionId":12,"local":"172.18.0.4:27017","connectionCount":1}}
mongodb-1  | {"t":{"$date":"2026-09-21T22:17:11.232+00:00"},"s":"I",  "c":"NETWORK",  "id":22944,   "ctx":"conn12","msg":"Connection ended","attr":{"remote":"172.18.0.1:38576","isLoadBalanced":false,"isProxyUnixSock":false,"isPriority":false,"uuid":{"uuid":{"$uuid":"b30c3195-80cf-4cbe-8b07-b46a50c7fafc"}},"connectionId":12,"local":"172.18.0.4:27017","connectionCount":0}}
mongodb-1  | {"t":{"$date":"2026-09-21T22:17:12.443+00:00"},"s":"I",  "c":"NETWORK",  "id":22943,   "ctx":"listener","msg":"Connection accepted","attr":{"remote":"172.18.0.1:38592","isLoadBalanced":false,"isProxyUnixSock":false,"isPriority":false,"uuid":{"uuid":{"$uuid":"20dcd968-8cff-4d6d-8e8b-dd217e52d602"}},"connectionId":13,"local":"172.18.0.4:27017","connectionCount":1}}
mongodb-1  | {"t":{"$date":"2026-09-21T22:17:12.645+00:00"},"s":"I",  "c":"NETWORK",  "id":22944,   "ctx":"conn13","msg":"Connection ended","attr":{"remote":"172.18.0.1:38592","isLoadBalanced":false,"isProxyUnixSock":false,"isPriority":false,"uuid":{"uuid":{"$uuid":"20dcd968-8cff-4d6d-8e8b-dd217e52d602"}},"connectionId":13,"local":"172.18.0.4:27017","connectionCount":0}}
mongodb-1  | {"t":{"$date":"2026-09-21T22:17:13.852+00:00"},"s":"I",  "c":"NETWORK",  "id":22943,   "ctx":"listener","msg":"Connection accepted","attr":{"remote":"172.18.0.1:38606","isLoadBalanced":false,"isProxyUnixSock":false,"isPriority":false,"uuid":{"uuid":{"$uuid":"d2bef573-47a4-4857-9e97-d74fdfc6cbc9"}},"connectionId":14,"local":"172.18.0.4:27017","connectionCount":1}}
mongodb-1  | {"t":{"$date":"2026-09-21T22:17:14.053+00:00"},"s":"I",  "c":"NETWORK",  "id":22944,   "ctx":"conn14","msg":"Connection ended","attr":{"remote":"172.18.0.1:38606","isLoadBalanced":false,"isProxyUnixSock":false,"isPriority":false,"uuid":{"uuid":{"$uuid":"d2bef573-47a4-4857-9e97-d74fdfc6cbc9"}},"connectionId":14,"local":"172.18.0.4:27017","connectionCount":0}}
mongodb-1  | {"t":{"$date":"2026-09-21T22:17:15.290+00:00"},"s":"I",  "c":"NETWORK",  "id":22943,   "ctx":"listener","msg":"Connection accepted","attr":{"remote":"172.18.0.1:38616","isLoadBalanced":false,"isProxyUnixSock":false,"isPriority":false,"uuid":{"uuid":{"$uuid":"308015b3-2837-4127-850b-6108120de942"}},"connectionId":15,"local":"172.18.0.4:27017","connectionCount":1}}
mongodb-1  | {"t":{"$date":"2026-09-21T22:17:15.493+00:00"},"s":"I",  "c":"NETWORK",  "id":22944,   "ctx":"conn15","msg":"Connection ended","attr":{"remote":"172.18.0.1:38616","isLoadBalanced":false,"isProxyUnixSock":false,"isPriority":false,"uuid":{"uuid":{"$uuid":"308015b3-2837-4127-850b-6108120de942"}},"connectionId":15,"local":"172.18.0.4:27017","connectionCount":0}}
mongodb-1  | {"t":{"$date":"2026-09-21T22:17:38.216+00:00"},"s":"I",  "c":"CONTROL",  "id":23377,   "ctx":"SignalHandler","msg":"Received signal","attr":{"signal":15,"error":"Terminated"}}
mongodb-1  | {"t":{"$date":"2026-09-21T22:17:38.216+00:00"},"s":"I",  "c":"CONTROL",  "id":23378,   "ctx":"SignalHandler","msg":"Signal was sent by kill(2)","attr":{"pid":0,"uid":0}}
mongodb-1  | {"t":{"$date":"2026-09-21T22:17:38.218+00:00"},"s":"I",  "c":"CONTROL",  "id":23381,   "ctx":"SignalHandler","msg":"will terminate after current cmd ends"}
mongodb-1  | {"t":{"$date":"2026-09-21T22:17:38.219+00:00"},"s":"I",  "c":"REPL",     "id":4784900, "ctx":"SignalHandler","msg":"Stepping down the ReplicationCoordinator for shutdown","attr":{"waitTimeMillis":15000}}
mongodb-1  | {"t":{"$date":"2026-09-21T22:17:38.287+00:00"},"s":"I",  "c":"REPL",     "id":4794602, "ctx":"SignalHandler","msg":"Attempting to enter quiesce mode"}
mongodb-1  | {"t":{"$date":"2026-09-21T22:17:38.289+00:00"},"s":"I",  "c":"STORAGE",  "id":7333402, "ctx":"SignalHandler","msg":"Shutting down the DiskSpaceMonitor"}
mongodb-1  | {"t":{"$date":"2026-09-21T22:17:38.291+00:00"},"s":"I",  "c":"-",        "id":6371601, "ctx":"SignalHandler","msg":"Shutting down the FLE Crud thread pool"}
mongodb-1  | {"t":{"$date":"2026-09-21T22:17:38.292+00:00"},"s":"I",  "c":"COMMAND",  "id":4784901, "ctx":"SignalHandler","msg":"Shutting down the MirrorMaestro"}
mongodb-1  | {"t":{"$date":"2026-09-21T22:17:38.293+00:00"},"s":"I",  "c":"SHARDING", "id":4784902, "ctx":"SignalHandler","msg":"Shutting down the WaitForMajorityService"}
mongodb-1  | {"t":{"$date":"2026-09-21T22:17:38.301+00:00"},"s":"I",  "c":"CONTROL",  "id":4784903, "ctx":"SignalHandler","msg":"Shutting down the LogicalSessionCache"}
mongodb-1  | {"t":{"$date":"2026-09-21T22:17:38.311+00:00"},"s":"I",  "c":"NETWORK",  "id":8314100, "ctx":"SignalHandler","msg":"Shutdown: Closing listener sockets"}
mongodb-1  | {"t":{"$date":"2026-09-21T22:17:38.320+00:00"},"s":"I",  "c":"NETWORK",  "id":23017,   "ctx":"listener","msg":"removing socket file","attr":{"path":"/tmp/mongodb-27017.sock"}}
mongodb-1  | {"t":{"$date":"2026-09-21T22:17:38.325+00:00"},"s":"I",  "c":"NETWORK",  "id":4784905, "ctx":"SignalHandler","msg":"Shutting down the global connection pool"}
mongodb-1  | {"t":{"$date":"2026-09-21T22:17:38.326+00:00"},"s":"I",  "c":"CONTROL",  "id":4784906, "ctx":"SignalHandler","msg":"Shutting down the FlowControlTicketholder"}
mongodb-1  | {"t":{"$date":"2026-09-21T22:17:38.330+00:00"},"s":"I",  "c":"-",        "id":20520,   "ctx":"SignalHandler","msg":"Stopping further Flow Control ticket acquisitions."}
mongodb-1  | {"t":{"$date":"2026-09-21T22:17:38.330+00:00"},"s":"I",  "c":"CONTROL",  "id":4784908, "ctx":"SignalHandler","msg":"Shutting down PeriodicThreadToAbortExpiredTransactions"}
mongodb-1  | {"t":{"$date":"2026-09-21T22:17:38.334+00:00"},"s":"I",  "c":"CONTROL",  "id":10036707,"ctx":"SignalHandler","msg":"Shutting down PeriodicThreadToRollbackUnderCachePressure"}
mongodb-1  | {"t":{"$date":"2026-09-21T22:17:38.341+00:00"},"s":"I",  "c":"REPL",     "id":4784909, "ctx":"SignalHandler","msg":"Shutting down the ReplicationCoordinator"}
mongodb-1  | {"t":{"$date":"2026-09-21T22:17:38.344+00:00"},"s":"I",  "c":"SHARDING", "id":4784910, "ctx":"SignalHandler","msg":"Shutting down the ShardingInitializationMongoD"}
mongodb-1  | {"t":{"$date":"2026-09-21T22:17:38.345+00:00"},"s":"I",  "c":"REPL",     "id":4784911, "ctx":"SignalHandler","msg":"Enqueuing the ReplicationStateTransitionLock for shutdown"}
mongodb-1  | {"t":{"$date":"2026-09-21T22:17:38.354+00:00"},"s":"I",  "c":"-",        "id":4784912, "ctx":"SignalHandler","msg":"Killing all operations for shutdown"}
mongodb-1  | {"t":{"$date":"2026-09-21T22:17:38.355+00:00"},"s":"I",  "c":"-",        "id":4695300, "ctx":"SignalHandler","msg":"Interrupted all currently running operations","attr":{"opsKilled":3}}
mongodb-1  | {"t":{"$date":"2026-09-21T22:17:38.356+00:00"},"s":"I",  "c":"COMMAND",  "id":4784913, "ctx":"SignalHandler","msg":"Shutting down all open transactions"}
mongodb-1  | {"t":{"$date":"2026-09-21T22:17:38.356+00:00"},"s":"I",  "c":"REPL",     "id":4784914, "ctx":"SignalHandler","msg":"Acquiring the ReplicationStateTransitionLock for shutdown"}
mongodb-1  | {"t":{"$date":"2026-09-21T22:17:38.356+00:00"},"s":"I",  "c":"INDEX",    "id":4784915, "ctx":"SignalHandler","msg":"Shutting down the IndexBuildsCoordinator"}
mongodb-1  | {"t":{"$date":"2026-09-21T22:17:38.359+00:00"},"s":"I",  "c":"EXECUTOR", "id":11280000,"ctx":"SignalHandler","msg":"Starting thread pool","attr":{"poolName":"IndexBuildsCoordinatorMongod","numThreads":0,"minThreads":0,"maxThreads":1000000000}}
mongodb-1  | {"t":{"$date":"2026-09-21T22:17:38.359+00:00"},"s":"I",  "c":"NETWORK",  "id":4784918, "ctx":"SignalHandler","msg":"Shutting down the ReplicaSetMonitor"}
mongodb-1  | {"t":{"$date":"2026-09-21T22:17:38.359+00:00"},"s":"I",  "c":"SHARDING", "id":9439300, "ctx":"SignalHandler","msg":"Shutting down the filtering metadata cache"}
mongodb-1  | {"t":{"$date":"2026-09-21T22:17:38.359+00:00"},"s":"I",  "c":"NETWORK",  "id":20562,   "ctx":"SignalHandler","msg":"Shutdown: Closing open transport sessions"}
mongodb-1  | {"t":{"$date":"2026-09-21T22:17:38.360+00:00"},"s":"I",  "c":"NETWORK",  "id":4784923, "ctx":"SignalHandler","msg":"Shutting down the ASIO transport SessionManager"}
mongodb-1  | {"t":{"$date":"2026-09-21T22:17:38.360+00:00"},"s":"I",  "c":"CONTROL",  "id":4784927, "ctx":"SignalHandler","msg":"Shutting down the HealthLog"}
mongodb-1  | {"t":{"$date":"2026-09-21T22:17:38.360+00:00"},"s":"I",  "c":"CONTROL",  "id":4784928, "ctx":"SignalHandler","msg":"Shutting down the TTL monitor"}
mongodb-1  | {"t":{"$date":"2026-09-21T22:17:38.360+00:00"},"s":"I",  "c":"INDEX",    "id":3684100, "ctx":"SignalHandler","msg":"Shutting down TTL collection monitor thread"}
mongodb-1  | {"t":{"$date":"2026-09-21T22:17:38.362+00:00"},"s":"I",  "c":"CONNPOOL", "id":22582,   "ctx":"SignalHandler","msg":"Killing all outstanding egress activity","attr":{"instanceName":"NetworkInterfaceTL-TTLMonitorMetadataRefreshNetwork","numKilledByType":{}}}
mongodb-1  | {"t":{"$date":"2026-09-21T22:17:38.365+00:00"},"s":"I",  "c":"INDEX",    "id":3684101, "ctx":"SignalHandler","msg":"Finished shutting down TTL collection monitor thread"}
mongodb-1  | {"t":{"$date":"2026-09-21T22:17:38.370+00:00"},"s":"I",  "c":"CONTROL",  "id":4784929, "ctx":"SignalHandler","msg":"Acquiring the global lock for shutdown"}
mongodb-1  | {"t":{"$date":"2026-09-21T22:17:38.370+00:00"},"s":"I",  "c":"CONTROL",  "id":4784930, "ctx":"SignalHandler","msg":"Shutting down the storage engine"}
mongodb-1  | {"t":{"$date":"2026-09-21T22:17:38.376+00:00"},"s":"I",  "c":"STORAGE",  "id":22320,   "ctx":"SignalHandler","msg":"Shutting down journal flusher thread"}
mongodb-1  | {"t":{"$date":"2026-09-21T22:17:38.381+00:00"},"s":"I",  "c":"STORAGE",  "id":22321,   "ctx":"SignalHandler","msg":"Finished shutting down journal flusher thread"}
mongodb-1  | {"t":{"$date":"2026-09-21T22:17:38.381+00:00"},"s":"I",  "c":"STORAGE",  "id":22322,   "ctx":"SignalHandler","msg":"Shutting down checkpoint thread"}
mongodb-1  | {"t":{"$date":"2026-09-21T22:17:38.399+00:00"},"s":"I",  "c":"STORAGE",  "id":22323,   "ctx":"SignalHandler","msg":"Finished shutting down checkpoint thread"}
mongodb-1  | {"t":{"$date":"2026-09-21T22:17:38.400+00:00"},"s":"I",  "c":"STORAGE",  "id":20282,   "ctx":"SignalHandler","msg":"Deregistering all the collections"}
mongodb-1  | {"t":{"$date":"2026-09-21T22:17:38.437+00:00"},"s":"I",  "c":"STORAGE",  "id":22261,   "ctx":"SignalHandler","msg":"Timestamp monitor shutting down"}
mongodb-1  | {"t":{"$date":"2026-09-21T22:17:38.437+00:00"},"s":"I",  "c":"STORAGE",  "id":10158003,"ctx":"SignalHandler","msg":"SpillWiredTigerKVEngine shutting down"}
mongodb-1  | {"t":{"$date":"2026-09-21T22:17:38.438+00:00"},"s":"I",  "c":"STORAGE",  "id":10158006,"ctx":"SignalHandler","msg":"Closing spill WiredTiger","attr":{"closeConfig":"leak_memory=true,"}}
mongodb-1  | {"t":{"$date":"2026-09-21T22:17:38.439+00:00"},"s":"I",  "c":"WTRECOV",  "id":22430,   "ctx":"SignalHandler","msg":"WiredTiger message","attr":{"message":{"ts_sec":1790029058,"ts_usec":438825,"thread":"1:0x7f11d61216c0","session_name":"WT_CONNECTION.close","category":"WT_VERB_RECOVERY_PROGRESS","log_id":1000000,"category_id":35,"verbose_level":"INFO","verbose_level_id":0,"msg":"closing WiredTiger library."}}}
mongodb-1  | {"t":{"$date":"2026-09-21T22:17:38.439+00:00"},"s":"I",  "c":"WTRECOV",  "id":22430,   "ctx":"SignalHandler","msg":"WiredTiger message","attr":{"message":{"ts_sec":1790029058,"ts_usec":439672,"thread":"1:0x7f11d61216c0","session_name":"WT_CONNECTION.close","category":"WT_VERB_RECOVERY_PROGRESS","log_id":1000000,"category_id":35,"verbose_level":"INFO","verbose_level_id":0,"msg":"rolling back all running transactions."}}}
mongodb-1  | {"t":{"$date":"2026-09-21T22:17:38.439+00:00"},"s":"I",  "c":"WTRECOV",  "id":22430,   "ctx":"SignalHandler","msg":"WiredTiger message","attr":{"message":{"ts_sec":1790029058,"ts_usec":439799,"thread":"1:0x7f11d61216c0","session_name":"WT_CONNECTION.close","category":"WT_VERB_RECOVERY_PROGRESS","log_id":1000000,"category_id":35,"verbose_level":"INFO","verbose_level_id":0,"msg":"closing all running sessions."}}}
mongodb-1  | {"t":{"$date":"2026-09-21T22:17:38.439+00:00"},"s":"I",  "c":"WTRECOV",  "id":22430,   "ctx":"SignalHandler","msg":"WiredTiger message","attr":{"message":{"ts_sec":1790029058,"ts_usec":439880,"thread":"1:0x7f11d61216c0","session_name":"WT_CONNECTION.close","category":"WT_VERB_RECOVERY_PROGRESS","log_id":1000000,"category_id":35,"verbose_level":"INFO","verbose_level_id":0,"msg":"closing some of the internal threads."}}}
mongodb-1  | {"t":{"$date":"2026-09-21T22:17:38.476+00:00"},"s":"I",  "c":"WTRECOV",  "id":22430,   "ctx":"SignalHandler","msg":"WiredTiger message","attr":{"message":{"ts_sec":1790029058,"ts_usec":476290,"thread":"1:0x7f11d61216c0","session_name":"WT_CONNECTION.close","category":"WT_VERB_RECOVERY_PROGRESS","log_id":1000000,"category_id":35,"verbose_level":"INFO","verbose_level_id":0,"msg":"perform final checkpoint and shutting down the global transaction state"}}}
mongodb-1  | {"t":{"$date":"2026-09-21T22:17:38.490+00:00"},"s":"I",  "c":"WTCHKPT",  "id":22430,   "ctx":"SignalHandler","msg":"WiredTiger message","attr":{"message":{"ts_sec":1790029058,"ts_usec":490792,"thread":"1:0x7f11d61216c0","session_name":"close_ckpt","category":"WT_VERB_CHECKPOINT","log_id":1000000,"category_id":5,"verbose_level":"INFO","verbose_level_id":0,"msg":"Checkpoint requested at stable timestamp (0, 0)"}}}
mongodb-1  | {"t":{"$date":"2026-09-21T22:17:38.492+00:00"},"s":"I",  "c":"WTCHKPT",  "id":22430,   "ctx":"SignalHandler","msg":"WiredTiger message","attr":{"message":{"ts_sec":1790029058,"ts_usec":492571,"thread":"1:0x7f11d61216c0","session_name":"close_ckpt","category":"WT_VERB_CHECKPOINT_PROGRESS","log_id":1000000,"category_id":7,"verbose_level":"INFO","verbose_level_id":0,"msg":"saving checkpoint snapshot min: 2, snapshot max: 2 snapshot count: 0, oldest timestamp: (0, 0) , meta checkpoint timestamp: (0, 0) base write gen: 1"}}}
mongodb-1  | {"t":{"$date":"2026-09-21T22:17:38.557+00:00"},"s":"I",  "c":"WTRECOV",  "id":22430,   "ctx":"SignalHandler","msg":"WiredTiger message","attr":{"message":{"ts_sec":1790029058,"ts_usec":557615,"thread":"1:0x7f11d61216c0","session_name":"WT_CONNECTION.close","category":"WT_VERB_RECOVERY_PROGRESS","log_id":1000000,"category_id":35,"verbose_level":"INFO","verbose_level_id":0,"msg":"shutdown checkpoint has successfully finished and ran for 69 milliseconds"}}}
mongodb-1  | {"t":{"$date":"2026-09-21T22:17:38.576+00:00"},"s":"I",  "c":"WTRECOV",  "id":22430,   "ctx":"SignalHandler","msg":"WiredTiger message","attr":{"message":{"ts_sec":1790029058,"ts_usec":576446,"thread":"1:0x7f11d61216c0","session_name":"WT_CONNECTION.close","category":"WT_VERB_RECOVERY_PROGRESS","log_id":1493200,"category_id":35,"verbose_level":"INFO","verbose_level_id":0,"msg":"shutdown was completed successfully and took 136ms, including 0ms for the rollback to stable, and 69ms for the checkpoint."}}}
mongodb-1  | {"t":{"$date":"2026-09-21T22:17:38.576+00:00"},"s":"I",  "c":"WTEVICT",  "id":22430,   "ctx":"SignalHandler","msg":"WiredTiger message","attr":{"message":{"ts_sec":1790029058,"ts_usec":576648,"thread":"1:0x7f11d61216c0","session_name":"WT_CONNECTION.close","category":"WT_VERB_EVICTION","log_id":1000000,"category_id":15,"verbose_level":"INFO","verbose_level_id":0,"msg":"stopping eviction threads"}}}
mongodb-1  | {"t":{"$date":"2026-09-21T22:17:38.576+00:00"},"s":"I",  "c":"WTEVICT",  "id":22430,   "ctx":"SignalHandler","msg":"WiredTiger message","attr":{"message":{"ts_sec":1790029058,"ts_usec":576735,"thread":"1:0x7f11d61216c0","session_name":"WT_CONNECTION.close","category":"WT_VERB_EVICTION","log_id":1000000,"category_id":15,"verbose_level":"INFO","verbose_level_id":0,"msg":"waiting for eviction threads to stop"}}}
mongodb-1  | {"t":{"$date":"2026-09-21T22:17:38.576+00:00"},"s":"I",  "c":"WTEVICT",  "id":22430,   "ctx":"thread49","msg":"WiredTiger message","attr":{"message":{"ts_sec":1790029058,"ts_usec":576831,"thread":"1:0x7f11c81056c0","session_dhandle_name":"file:WiredTigerHS.wt","session_name":"eviction-server","category":"WT_VERB_EVICTION","log_id":1000000,"category_id":15,"verbose_level":"INFO","verbose_level_id":0,"msg":"eviction thread exiting"}}}
mongodb-1  | {"t":{"$date":"2026-09-21T22:17:38.678+00:00"},"s":"I",  "c":"STORAGE",  "id":10158007,"ctx":"SignalHandler","msg":"Closed spill WiredTiger ","attr":{"durationMillis":240}}
mongodb-1  | {"t":{"$date":"2026-09-21T22:17:38.679+00:00"},"s":"I",  "c":"STORAGE",  "id":22317,   "ctx":"SignalHandler","msg":"WiredTigerKVEngine shutting down"}
mongodb-1  | {"t":{"$date":"2026-09-21T22:17:38.680+00:00"},"s":"I",  "c":"STORAGE",  "id":22318,   "ctx":"SignalHandler","msg":"Shutting down session sweeper thread"}
mongodb-1  | {"t":{"$date":"2026-09-21T22:17:38.684+00:00"},"s":"I",  "c":"STORAGE",  "id":22319,   "ctx":"SignalHandler","msg":"Finished shutting down session sweeper thread"}
mongodb-1  | {"t":{"$date":"2026-09-21T22:17:38.724+00:00"},"s":"I",  "c":"STORAGE",  "id":4795902, "ctx":"SignalHandler","msg":"Closing WiredTiger","attr":{"closeConfig":"leak_memory=true,use_timestamp=false,"}}
mongodb-1  | {"t":{"$date":"2026-09-21T22:17:38.725+00:00"},"s":"I",  "c":"WTRECOV",  "id":22430,   "ctx":"SignalHandler","msg":"WiredTiger message","attr":{"message":{"ts_sec":1790029058,"ts_usec":724857,"thread":"1:0x7f11d61216c0","session_name":"WT_CONNECTION.close","category":"WT_VERB_RECOVERY_PROGRESS","log_id":1000000,"category_id":35,"verbose_level":"INFO","verbose_level_id":0,"msg":"closing WiredTiger library."}}}
mongodb-1  | {"t":{"$date":"2026-09-21T22:17:38.725+00:00"},"s":"I",  "c":"WTRECOV",  "id":22430,   "ctx":"SignalHandler","msg":"WiredTiger message","attr":{"message":{"ts_sec":1790029058,"ts_usec":725853,"thread":"1:0x7f11d61216c0","session_name":"WT_CONNECTION.close","category":"WT_VERB_RECOVERY_PROGRESS","log_id":1000000,"category_id":35,"verbose_level":"INFO","verbose_level_id":0,"msg":"rolling back all running transactions."}}}
mongodb-1  | {"t":{"$date":"2026-09-21T22:17:38.725+00:00"},"s":"I",  "c":"WTRECOV",  "id":22430,   "ctx":"SignalHandler","msg":"WiredTiger message","attr":{"message":{"ts_sec":1790029058,"ts_usec":725919,"thread":"1:0x7f11d61216c0","session_name":"WT_CONNECTION.close","category":"WT_VERB_RECOVERY_PROGRESS","log_id":1000000,"category_id":35,"verbose_level":"INFO","verbose_level_id":0,"msg":"closing all running sessions."}}}
mongodb-1  | {"t":{"$date":"2026-09-21T22:17:38.725+00:00"},"s":"I",  "c":"WTRECOV",  "id":22430,   "ctx":"SignalHandler","msg":"WiredTiger message","attr":{"message":{"ts_sec":1790029058,"ts_usec":725969,"thread":"1:0x7f11d61216c0","session_name":"WT_CONNECTION.close","category":"WT_VERB_RECOVERY_PROGRESS","log_id":1000000,"category_id":35,"verbose_level":"INFO","verbose_level_id":0,"msg":"closing some of the internal threads."}}}
mongodb-1  | {"t":{"$date":"2026-09-21T22:17:38.781+00:00"},"s":"I",  "c":"WTRECOV",  "id":22430,   "ctx":"SignalHandler","msg":"WiredTiger message","attr":{"message":{"ts_sec":1790029058,"ts_usec":781349,"thread":"1:0x7f11d61216c0","session_name":"WT_CONNECTION.close","category":"WT_VERB_RECOVERY_PROGRESS","log_id":1000000,"category_id":35,"verbose_level":"INFO","verbose_level_id":0,"msg":"perform final checkpoint and shutting down the global transaction state"}}}
mongodb-1  | {"t":{"$date":"2026-09-21T22:17:38.803+00:00"},"s":"I",  "c":"WTCHKPT",  "id":22430,   "ctx":"SignalHandler","msg":"WiredTiger message","attr":{"message":{"ts_sec":1790029058,"ts_usec":802573,"thread":"1:0x7f11d61216c0","session_dhandle_name":"file:index-8ee2ab17-4a4e-4beb-924c-b64ad7b3b70d.wt","session_name":"close_ckpt","category":"WT_VERB_CHECKPOINT_PROGRESS","log_id":1000000,"category_id":7,"verbose_level":"INFO","verbose_level_id":0,"msg":"Checkpoint has been running for 0 seconds, wrote 1 pages (0 MB), walked 1 pages and checkpointed 0 files"}}}
mongodb-1  | {"t":{"$date":"2026-09-21T22:17:38.805+00:00"},"s":"I",  "c":"WTCHKPT",  "id":22430,   "ctx":"SignalHandler","msg":"WiredTiger message","attr":{"message":{"ts_sec":1790029058,"ts_usec":805313,"thread":"1:0x7f11d61216c0","session_dhandle_name":"file:index-8ee2ab17-4a4e-4beb-924c-b64ad7b3b70d.wt","session_name":"close_ckpt","category":"WT_VERB_CHECKPOINT_PROGRESS","log_id":1000000,"category_id":7,"verbose_level":"INFO","verbose_level_id":0,"msg":"Checkpoint has been running for 0 seconds, wrote 2 pages (0 MB), walked 2 pages and checkpointed 0 files"}}}
mongodb-1  | {"t":{"$date":"2026-09-21T22:17:38.807+00:00"},"s":"I",  "c":"WTCHKPT",  "id":22430,   "ctx":"SignalHandler","msg":"WiredTiger message","attr":{"message":{"ts_sec":1790029058,"ts_usec":807309,"thread":"1:0x7f11d61216c0","session_dhandle_name":"file:collection-93f1b0e9-74df-42e5-9a47-063bd2fd41ad.wt","session_name":"close_ckpt","category":"WT_VERB_CHECKPOINT_PROGRESS","log_id":1000000,"category_id":7,"verbose_level":"INFO","verbose_level_id":0,"msg":"Checkpoint has been running for 0 seconds, wrote 3 pages (0 MB), walked 3 pages and checkpointed 1 files"}}}
mongodb-1  | {"t":{"$date":"2026-09-21T22:17:38.808+00:00"},"s":"I",  "c":"WTCHKPT",  "id":22430,   "ctx":"SignalHandler","msg":"WiredTiger message","attr":{"message":{"ts_sec":1790029058,"ts_usec":808687,"thread":"1:0x7f11d61216c0","session_dhandle_name":"file:collection-93f1b0e9-74df-42e5-9a47-063bd2fd41ad.wt","session_name":"close_ckpt","category":"WT_VERB_CHECKPOINT_PROGRESS","log_id":1000000,"category_id":7,"verbose_level":"INFO","verbose_level_id":0,"msg":"Checkpoint has been running for 0 seconds, wrote 4 pages (0 MB), walked 4 pages and checkpointed 1 files"}}}
mongodb-1  | {"t":{"$date":"2026-09-21T22:17:38.809+00:00"},"s":"I",  "c":"WTCHKPT",  "id":22430,   "ctx":"SignalHandler","msg":"WiredTiger message","attr":{"message":{"ts_sec":1790029058,"ts_usec":809691,"thread":"1:0x7f11d61216c0","session_dhandle_name":"file:sizeStorer.wt","session_name":"close_ckpt","category":"WT_VERB_CHECKPOINT_PROGRESS","log_id":1000000,"category_id":7,"verbose_level":"INFO","verbose_level_id":0,"msg":"Checkpoint has been running for 0 seconds, wrote 5 pages (0 MB), walked 5 pages and checkpointed 2 files"}}}
mongodb-1  | {"t":{"$date":"2026-09-21T22:17:38.812+00:00"},"s":"I",  "c":"WTCHKPT",  "id":22430,   "ctx":"SignalHandler","msg":"WiredTiger message","attr":{"message":{"ts_sec":1790029058,"ts_usec":812868,"thread":"1:0x7f11d61216c0","session_dhandle_name":"file:sizeStorer.wt","session_name":"close_ckpt","category":"WT_VERB_CHECKPOINT_PROGRESS","log_id":1000000,"category_id":7,"verbose_level":"INFO","verbose_level_id":0,"msg":"Checkpoint has been running for 0 seconds, wrote 6 pages (0 MB), walked 6 pages and checkpointed 2 files"}}}
mongodb-1  | {"t":{"$date":"2026-09-21T22:17:38.814+00:00"},"s":"I",  "c":"WTCHKPT",  "id":22430,   "ctx":"SignalHandler","msg":"WiredTiger message","attr":{"message":{"ts_sec":1790029058,"ts_usec":814262,"thread":"1:0x7f11d61216c0","session_name":"close_ckpt","category":"WT_VERB_CHECKPOINT_PROGRESS","log_id":1000000,"category_id":7,"verbose_level":"INFO","verbose_level_id":0,"msg":"saving checkpoint snapshot min: 4, snapshot max: 4 snapshot count: 0, oldest timestamp: (0, 0) , meta checkpoint timestamp: (0, 0) base write gen: 7"}}}
mongodb-1  | {"t":{"$date":"2026-09-21T22:17:38.875+00:00"},"s":"I",  "c":"WTCHKPT",  "id":22430,   "ctx":"SignalHandler","msg":"WiredTiger message","attr":{"message":{"ts_sec":1790029058,"ts_usec":875368,"thread":"1:0x7f11d61216c0","session_name":"close_ckpt","category":"WT_VERB_CHECKPOINT_PROGRESS","log_id":1000000,"category_id":7,"verbose_level":"INFO","verbose_level_id":0,"msg":"Checkpoint ran for 0 seconds, wrote 6 pages (0 MB), walked 6 pages and checkpointed 3 files"}}}
mongodb-1  | {"t":{"$date":"2026-09-21T22:17:38.881+00:00"},"s":"I",  "c":"WTRECOV",  "id":22430,   "ctx":"SignalHandler","msg":"WiredTiger message","attr":{"message":{"ts_sec":1790029058,"ts_usec":881342,"thread":"1:0x7f11d61216c0","session_name":"WT_CONNECTION.close","category":"WT_VERB_RECOVERY_PROGRESS","log_id":1000000,"category_id":35,"verbose_level":"INFO","verbose_level_id":0,"msg":"shutdown checkpoint has successfully finished and ran for 96 milliseconds"}}}
mongodb-1  | {"t":{"$date":"2026-09-21T22:17:38.884+00:00"},"s":"I",  "c":"WTRECOV",  "id":22430,   "ctx":"SignalHandler","msg":"WiredTiger message","attr":{"message":{"ts_sec":1790029058,"ts_usec":884358,"thread":"1:0x7f11d61216c0","session_name":"WT_CONNECTION.close","category":"WT_VERB_RECOVERY_PROGRESS","log_id":1493200,"category_id":35,"verbose_level":"INFO","verbose_level_id":0,"msg":"shutdown was completed successfully and took 158ms, including 0ms for the rollback to stable, and 96ms for the checkpoint."}}}
mongodb-1  | {"t":{"$date":"2026-09-21T22:17:38.884+00:00"},"s":"I",  "c":"WTEVICT",  "id":22430,   "ctx":"SignalHandler","msg":"WiredTiger message","attr":{"message":{"ts_sec":1790029058,"ts_usec":884546,"thread":"1:0x7f11d61216c0","session_name":"WT_CONNECTION.close","category":"WT_VERB_EVICTION","log_id":1000000,"category_id":15,"verbose_level":"INFO","verbose_level_id":0,"msg":"stopping eviction threads"}}}
mongodb-1  | {"t":{"$date":"2026-09-21T22:17:38.887+00:00"},"s":"I",  "c":"WTEVICT",  "id":22430,   "ctx":"SignalHandler","msg":"WiredTiger message","attr":{"message":{"ts_sec":1790029058,"ts_usec":887574,"thread":"1:0x7f11d61216c0","session_name":"WT_CONNECTION.close","category":"WT_VERB_EVICTION","log_id":1000000,"category_id":15,"verbose_level":"INFO","verbose_level_id":0,"msg":"waiting for eviction threads to stop"}}}
mongodb-1  | {"t":{"$date":"2026-09-21T22:17:38.888+00:00"},"s":"I",  "c":"WTEVICT",  "id":22430,   "ctx":"thread50","msg":"WiredTiger message","attr":{"message":{"ts_sec":1790029058,"ts_usec":888100,"thread":"1:0x7f11d09166c0","session_dhandle_name":"file:WiredTigerHS.wt","session_name":"eviction-server","category":"WT_VERB_EVICTION","log_id":1000000,"category_id":15,"verbose_level":"INFO","verbose_level_id":0,"msg":"eviction thread exiting"}}}
mongodb-1  | {"t":{"$date":"2026-09-21T22:17:39.036+00:00"},"s":"I",  "c":"STORAGE",  "id":4795901, "ctx":"SignalHandler","msg":"WiredTiger closed","attr":{"durationMillis":312}}
mongodb-1  | {"t":{"$date":"2026-09-21T22:17:39.037+00:00"},"s":"I",  "c":"-",        "id":4784931, "ctx":"SignalHandler","msg":"Dropping the scope cache for shutdown"}
mongodb-1  | {"t":{"$date":"2026-09-21T22:17:39.038+00:00"},"s":"I",  "c":"CONTROL",  "id":10500904,"ctx":"SignalHandler","msg":"Shutting down OpenTelemetry metrics"}
mongodb-1  | {"t":{"$date":"2026-09-21T22:17:39.039+00:00"},"s":"I",  "c":"FTDC",     "id":20626,   "ctx":"SignalHandler","msg":"Shutting down full-time diagnostic data capture"}
mongodb-1  | {"t":{"$date":"2026-09-21T22:17:40.014+00:00"},"s":"I",  "c":"-",        "id":10175800,"ctx":"SignalHandler","msg":"Shutting down the standalone executor"}
mongodb-1  | {"t":{"$date":"2026-09-21T22:17:40.016+00:00"},"s":"I",  "c":"CONNPOOL", "id":22582,   "ctx":"SignalHandler","msg":"Killing all outstanding egress activity","attr":{"instanceName":"NetworkInterfaceTL-StandaloneNetwork","numKilledByType":{}}}
mongodb-1  | {"t":{"$date":"2026-09-21T22:17:40.017+00:00"},"s":"I",  "c":"CONTROL",  "id":20565,   "ctx":"SignalHandler","msg":"Now exiting"}
mongodb-1  | {"t":{"$date":"2026-09-21T22:17:40.018+00:00"},"s":"I",  "c":"STORAGE",  "id":22279,   "ctx":"SignalHandler","msg":"shutdown: removing fs lock..."}
mongodb-1  | {"t":{"$date":"2026-09-21T22:17:40.020+00:00"},"s":"I",  "c":"CONTROL",  "id":8423404, "ctx":"SignalHandler","msg":"mongod shutdown complete","attr":{"Summary of time elapsed":{"Statistics":{"enterTerminalShutdownMillis":0,"stepDownReplCoordMillis":68,"quiesceModeMillis":0,"stopFLECrudMillis":2,"shutDownMirrorMaestroMillis":1,"shutDownWaitForMajorityServiceMillis":8,"shutDownLogicalSessionCacheMillis":7,"shutDownGlobalConnectionPoolMillis":5,"shutDownSearchTaskExecutorsMillis":0,"shutDownFlowControlTicketHolderMillis":5,"shutDownAbortExpiredTransactionsThreadMillis":0,"shutDownRollbackUnderCachePressureThreadMillis":10,"killAllOperationsMillis":1,"shutDownOpenTransactionsMillis":1,"acquireRSTLMillis":0,"shutDownIndexBuildsCoordinatorMillis":3,"shutDownReplicaSetMonitorMillis":0,"shutDownTransportLayerMillis":1,"shutDownHealthLogMillis":0,"shutDownTTLMonitorMillis":10,"shutDownStorageEngineMillis":667,"shutDownOtelMetricsMillis":1,"shutDownOtelTracesMillis":0,"shutDownFTDCMillis":976,"shutDownReplicaSetNodeExecutorMillis":2,"closeLockFileMillis":1,"shutDownOCSPMillis":0,"shutdownTaskTotalMillis":1799}}}}
mongodb-1  | {"t":{"$date":"2026-09-21T22:17:40.020+00:00"},"s":"I",  "c":"CONTROL",  "id":23138,   "ctx":"SignalHandler","msg":"Shutting down","attr":{"exitCode":0}}

2026-09-21T19:59:04.920-05:00 ERROR 196051 --- [servicio-mongodb] [main] o.s.boot.SpringApplication               : Application run failed

org.springframework.boot.docker.compose.core.ProcessExitException: 'docker compose --file /home/South_Knight/Documentos/projecto_final/Proyecto2_JPA/servicio/compose.yaml --ansi never up --no-color --detach --wait' failed with exit code 1.

Stdout:


Stderr:
time="2026-09-21T19:59:02-05:00" level=warning msg="Found orphan containers (servicio-postgres-1, servicio-mysql-1) for this project. If you removed or renamed this service in your compose file, you can run this command with the --remove-orphans flag to clean it up."
 Container servicio-mongodb-1 Starting 
Error response from daemon: failed to set up container networking: network a456c64dbe42d6967649051f8979ba0c0cb10102f8569d04fa3b48a4e3f449e5 not found

	at org.springframework.boot.docker.compose.core.ProcessRunner.run(ProcessRunner.java:102) ~[spring-boot-docker-compose-4.1.1.jar:4.1.1]
	at org.springframework.boot.docker.compose.core.DockerCli.run(DockerCli.java:82) ~[spring-boot-docker-compose-4.1.1.jar:4.1.1]
	at org.springframework.boot.docker.compose.core.DefaultDockerCompose.up(DefaultDockerCompose.java:58) ~[spring-boot-docker-compose-4.1.1.jar:4.1.1]
	at org.springframework.boot.docker.compose.lifecycle.StartCommand.applyTo(StartCommand.java:51) ~[spring-boot-docker-compose-4.1.1.jar:4.1.1]
	at org.springframework.boot.docker.compose.lifecycle.DockerComposeLifecycleManager.start(DockerComposeLifecycleManager.java:133) ~[spring-boot-docker-compose-4.1.1.jar:4.1.1]
	at org.springframework.boot.docker.compose.lifecycle.DockerComposeListener.onApplicationEvent(DockerComposeListener.java:53) ~[spring-boot-docker-compose-4.1.1.jar:4.1.1]
	at org.springframework.boot.docker.compose.lifecycle.DockerComposeListener.onApplicationEvent(DockerComposeListener.java:35) ~[spring-boot-docker-compose-4.1.1.jar:4.1.1]
	at org.springframework.context.event.SimpleApplicationEventMulticaster.doInvokeListener(SimpleApplicationEventMulticaster.java:180) ~[spring-context-7.0.9.jar:7.0.9]
	at org.springframework.context.event.SimpleApplicationEventMulticaster.invokeListener(SimpleApplicationEventMulticaster.java:173) ~[spring-context-7.0.9.jar:7.0.9]
	at org.springframework.context.event.SimpleApplicationEventMulticaster.multicastEvent(SimpleApplicationEventMulticaster.java:151) ~[spring-context-7.0.9.jar:7.0.9]
	at org.springframework.context.event.SimpleApplicationEventMulticaster.multicastEvent(SimpleApplicationEventMulticaster.java:133) ~[spring-context-7.0.9.jar:7.0.9]
	at org.springframework.boot.context.event.EventPublishingRunListener.multicastInitialEvent(EventPublishingRunListener.java:137) ~[spring-boot-4.1.1.jar:4.1.1]
	at org.springframework.boot.context.event.EventPublishingRunListener.contextLoaded(EventPublishingRunListener.java:99) ~[spring-boot-4.1.1.jar:4.1.1]
	at org.springframework.boot.SpringApplicationRunListeners.lambda$contextLoaded$0(SpringApplicationRunListeners.java:74) ~[spring-boot-4.1.1.jar:4.1.1]
	at java.base/java.util.ImmutableCollections$List12.forEach(ImmutableCollections.java:681) ~[na:na]
	at org.springframework.boot.SpringApplicationRunListeners.doWithListeners(SpringApplicationRunListeners.java:123) ~[spring-boot-4.1.1.jar:4.1.1]
	at org.springframework.boot.SpringApplicationRunListeners.doWithListeners(SpringApplicationRunListeners.java:117) ~[spring-boot-4.1.1.jar:4.1.1]
	at org.springframework.boot.SpringApplicationRunListeners.contextLoaded(SpringApplicationRunListeners.java:74) ~[spring-boot-4.1.1.jar:4.1.1]
	at org.springframework.boot.SpringApplication.prepareContext(SpringApplication.java:418) ~[spring-boot-4.1.1.jar:4.1.1]
	at org.springframework.boot.SpringApplication.run(SpringApplication.java:320) ~[spring-boot-4.1.1.jar:4.1.1]
	at org.springframework.boot.SpringApplication.run(SpringApplication.java:1365) ~[spring-boot-4.1.1.jar:4.1.1]
	at org.springframework.boot.SpringApplication.run(SpringApplication.java:1354) ~[spring-boot-4.1.1.jar:4.1.1]
	at com.example.servicio.ServicioApplication.main(ServicioApplication.java:30) ~[classes/:na]

2026-09-21T20:41:04.343-05:00  INFO 233704 --- [servicio-mongodb] [main] c.example.servicio.ServicioApplication   : Starting ServicioApplication using Java 25.0.4.1 with PID 233704 (/home/South_Knight/Documentos/projecto_final/Proyecto2_JPA/servicio/target/classes started by South_Knight in /home/South_Knight/Documentos/projecto_final/Proyecto2_JPA/servicio)
2026-09-21T20:41:04.352-05:00  INFO 233704 --- [servicio-mongodb] [main] c.example.servicio.ServicioApplication   : No active profile set, falling back to 1 default profile: "default"
2026-09-21T20:41:04.729-05:00  INFO 233704 --- [servicio-mongodb] [main] .s.b.d.c.l.DockerComposeLifecycleManager : Using Docker Compose file /home/South_Knight/Documentos/projecto_final/Proyecto2_JPA/servicio/compose.yaml
2026-09-21T20:41:10.909-05:00  INFO 233704 --- [servicio-mongodb] [main] .s.b.d.c.l.DockerComposeLifecycleManager : There are already Docker Compose services running, skipping startup
2026-09-21T20:41:16.390-05:00  INFO 233704 --- [servicio-mongodb] [main] .s.d.r.c.RepositoryConfigurationDelegate : Bootstrapping Spring Data MongoDB repositories in DEFAULT mode.
2026-09-21T20:41:16.803-05:00  INFO 233704 --- [servicio-mongodb] [main] .s.d.r.c.RepositoryConfigurationDelegate : Finished Spring Data repository scanning in 337 ms. Found 1 MongoDB repository interface.
2026-09-21T20:41:20.752-05:00  INFO 233704 --- [servicio-mongodb] [main] o.s.boot.tomcat.TomcatWebServer          : Tomcat initialized with port 8083 (http)
2026-09-21T20:41:20.848-05:00  INFO 233704 --- [servicio-mongodb] [main] o.apache.catalina.core.StandardService   : Starting service [Tomcat]
2026-09-21T20:41:20.851-05:00  INFO 233704 --- [servicio-mongodb] [main] o.apache.catalina.core.StandardEngine    : Starting Servlet engine: [Apache Tomcat/11.0.24]
2026-09-21T20:41:21.254-05:00  INFO 233704 --- [servicio-mongodb] [main] b.w.c.s.WebApplicationContextInitializer : Root WebApplicationContext: initialization completed in 9894 ms
2026-09-21T20:41:22.773-05:00  INFO 233704 --- [servicio-mongodb] [main] org.mongodb.driver.client                : MongoClient with metadata {"driver": {"name": "mongo-java-driver|spring-boot|sync", "version": "5.8.1"}, "os": {"type": "Linux", "name": "Linux", "architecture": "amd64", "version": "7.2.5-200.fc44.x86_64"}, "platform": "Java/Red Hat, Inc./25.0.4.1+1"} created with settings MongoClientSettings{readPreference=primary, writeConcern=WriteConcern{w=null, wTimeout=null ms, journal=null}, retryWrites=true, retryReads=true, readConcern=ReadConcern{level=null}, credential=MongoCredential{mechanism=null, userName='root', source='admin', password=<hidden>, mechanismProperties=<hidden>}, transportSettings=null, commandListeners=[], codecRegistry=ProvidersCodecRegistry{codecProviders=[ValueCodecProvider{}, BsonValueCodecProvider{}, DBRefCodecProvider{}, DBObjectCodecProvider{}, DocumentCodecProvider{}, CollectionCodecProvider{}, IterableCodecProvider{}, MapCodecProvider{}, GeoJsonCodecProvider{}, GridFSFileCodecProvider{}, Jsr310CodecProvider{}, JsonObjectCodecProvider{}, BsonCodecProvider{}, com.mongodb.client.model.mql.ExpressionCodecProvider@562919fe, com.mongodb.Jep395RecordCodecProvider@794f11cd, com.mongodb.KotlinCodecProvider@715f45c6, EnumCodecProvider{}]}, loggerSettings=LoggerSettings{maxDocumentLength=1000}, clusterSettings={hosts=[127.0.0.1:32774], srvServiceName=mongodb, mode=SINGLE, requiredClusterType=UNKNOWN, requiredReplicaSetName='null', serverSelector='null', clusterListeners='[]', serverSelectionTimeout='30000 ms', localThreshold='15 ms'}, socketSettings=SocketSettings{connectTimeoutMS=10000, readTimeoutMS=0, receiveBufferSize=0, proxySettings=ProxySettings{host=null, port=null, username=null, password=null}}, heartbeatSocketSettings=SocketSettings{connectTimeoutMS=10000, readTimeoutMS=10000, receiveBufferSize=0, proxySettings=ProxySettings{host=null, port=null, username=null, password=null}}, connectionPoolSettings=ConnectionPoolSettings{maxSize=100, minSize=0, maxWaitTimeMS=120000, maxConnectionLifeTimeMS=0, maxConnectionIdleTimeMS=0, maintenanceInitialDelayMS=0, maintenanceFrequencyMS=60000, connectionPoolListeners=[], maxConnecting=2}, serverSettings=ServerSettings{heartbeatFrequencyMS=10000, minHeartbeatFrequencyMS=500, serverMonitoringMode=AUTO, serverListeners='[]', serverMonitorListeners='[]'}, sslSettings=SslSettings{enabled=false, invalidHostNameAllowed=false, context=null}, applicationName='null', compressorList=[], uuidRepresentation=UNSPECIFIED, serverApi=null, autoEncryptionSettings=null, dnsClient=null, inetAddressResolver=null, contextProvider=null, timeoutMS=null}
2026-09-21T20:41:22.869-05:00  INFO 233704 --- [servicio-mongodb] [cluster-6ab1dcc27a47734caa7d2a46-127.0.0.1:32774] org.mongodb.driver.cluster               : Monitor thread successfully connected to server with description ServerDescription{address=127.0.0.1:32774, type=STANDALONE, cryptd=false, state=CONNECTED, ok=true, minWireVersion=0, maxWireVersion=28, maxDocumentSize=16777216, logicalSessionTimeoutMinutes=30, roundTripTimeNanos=110659101, minRoundTripTimeNanos=0}
2026-09-21T20:41:27.985-05:00  INFO 233704 --- [servicio-mongodb] [main] o.s.boot.tomcat.TomcatWebServer          : Tomcat started on port 8083 (http) with context path '/'
2026-09-21T20:41:28.006-05:00  INFO 233704 --- [servicio-mongodb] [main] c.example.servicio.ServicioApplication   : Started ServicioApplication in 25.389 seconds (process running for 27.242)
2026-09-21T20:41:35.268-05:00  INFO 233704 --- [servicio-mongodb] [http-nio-8083-exec-1] o.a.c.c.C.[Tomcat].[localhost].[/]       : Initializing Spring DispatcherServlet 'dispatcherServlet'
2026-09-21T20:41:35.272-05:00  INFO 233704 --- [servicio-mongodb] [http-nio-8083-exec-1] o.s.web.servlet.DispatcherServlet        : Initializing Servlet 'dispatcherServlet'
2026-09-21T20:41:35.281-05:00  INFO 233704 --- [servicio-mongodb] [http-nio-8083-exec-1] o.s.web.servlet.DispatcherServlet        : Completed initialization in 6 ms
2026-09-21T20:41:35.678-05:00  INFO 233704 --- [servicio-mongodb] [http-nio-8083-exec-1] c.e.s.service.impl.ProductoServiceImpl   : MongoDB: Listando productos paginados - Pagina: 0, Tamanio: 10
2026-09-21T20:42:21.481-05:00  INFO 233704 --- [servicio-mongodb] [http-nio-8083-exec-3] c.e.s.controller.ProductoController      : MongoDB REST POST: Crear producto - referencia=MONGO-001
2026-09-21T20:42:21.528-05:00  INFO 233704 --- [servicio-mongodb] [http-nio-8083-exec-3] c.e.s.service.impl.ProductoServiceImpl   : MongoDB: Creando nuevo producto con referencia: MONGO-001
2026-09-21T20:42:25.115-05:00  INFO 233704 --- [servicio-mongodb] [http-nio-8083-exec-3] c.e.s.service.impl.ProductoServiceImpl   : Producto creado exitosamente en MongoDB con ID: 6ab1dd007a47734caa7d2a47
2026-09-21T20:42:25.119-05:00  INFO 233704 --- [servicio-mongodb] [http-nio-8083-exec-3] c.e.s.controller.ProductoController      : MongoDB REST POST: Producto creado exitosamente - id=6ab1dd007a47734caa7d2a47
2026-09-21T20:42:31.266-05:00  INFO 233704 --- [servicio-mongodb] [http-nio-8083-exec-4] c.e.s.service.impl.ProductoServiceImpl   : MongoDB: Listando productos paginados - Pagina: 0, Tamanio: 10
2026-09-21T20:42:35.673-05:00  INFO 233704 --- [servicio-mongodb] [http-nio-8083-exec-5] c.e.s.controller.ProductoController      : MongoDB REST GET: Obtener producto ID 6ab1dd007a47734caa7d2a47
2026-09-21T20:42:35.677-05:00  INFO 233704 --- [servicio-mongodb] [http-nio-8083-exec-5] c.e.s.service.impl.ProductoServiceImpl   : MongoDB: Buscando producto por ID: 6ab1dd007a47734caa7d2a47
2026-09-21T20:42:36.764-05:00  INFO 233704 --- [servicio-mongodb] [http-nio-8083-exec-6] c.e.s.controller.ProductoController      : MongoDB REST PUT: Actualizar producto ID 6ab1dd007a47734caa7d2a47
2026-09-21T20:42:36.773-05:00  INFO 233704 --- [servicio-mongodb] [http-nio-8083-exec-6] c.e.s.service.impl.ProductoServiceImpl   : MongoDB: Actualizando producto ID: 6ab1dd007a47734caa7d2a47
2026-09-21T20:42:37.011-05:00  INFO 233704 --- [servicio-mongodb] [http-nio-8083-exec-6] c.e.s.service.impl.ProductoServiceImpl   : Producto ID: 6ab1dd007a47734caa7d2a47 actualizado correctamente en MongoDB
2026-09-21T20:42:37.035-05:00  INFO 233704 --- [servicio-mongodb] [http-nio-8083-exec-6] c.e.s.controller.ProductoController      : MongoDB REST PUT: Producto ID 6ab1dd007a47734caa7d2a47 actualizado correctamente
2026-09-21T20:42:40.015-05:00  INFO 233704 --- [servicio-mongodb] [http-nio-8083-exec-7] c.e.s.controller.ProductoController      : MongoDB REST DELETE: Eliminar producto ID 6ab1dd007a47734caa7d2a47
2026-09-21T20:42:40.018-05:00  INFO 233704 --- [servicio-mongodb] [http-nio-8083-exec-7] c.e.s.service.impl.ProductoServiceImpl   : MongoDB: Realizando borrado logico del producto ID: 6ab1dd007a47734caa7d2a47
2026-09-21T20:42:40.021-05:00  INFO 233704 --- [servicio-mongodb] [http-nio-8083-exec-7] c.e.s.service.impl.ProductoServiceImpl   : MongoDB: Cambiando estado del producto ID: 6ab1dd007a47734caa7d2a47 a BORRADO
2026-09-21T20:42:40.052-05:00  INFO 233704 --- [servicio-mongodb] [http-nio-8083-exec-7] c.e.s.service.impl.ProductoServiceImpl   : Estado del producto ID: 6ab1dd007a47734caa7d2a47 actualizado a BORRADO
2026-09-21T20:42:42.829-05:00  INFO 233704 --- [servicio-mongodb] [http-nio-8083-exec-8] c.e.s.service.impl.ProductoServiceImpl   : MongoDB: Listando productos paginados - Pagina: 0, Tamanio: 10
2026-09-21T20:45:48.944-05:00 ERROR 233704 --- [servicio-mongodb] [http-nio-8083-exec-9] c.e.s.exception.GlobalExceptionHandler   : Excepcion 500 Error Interno del Servidor: 

org.springframework.web.servlet.resource.NoResourceFoundException: No static resource  for request '/'.
	at org.springframework.web.servlet.resource.ResourceHttpRequestHandler.handleRequest(ResourceHttpRequestHandler.java:527) ~[spring-webmvc-7.0.9.jar:7.0.9]
	at org.springframework.web.servlet.mvc.HttpRequestHandlerAdapter.handle(HttpRequestHandlerAdapter.java:50) ~[spring-webmvc-7.0.9.jar:7.0.9]
	at org.springframework.web.servlet.DispatcherServlet.doDispatch(DispatcherServlet.java:963) ~[spring-webmvc-7.0.9.jar:7.0.9]
	at org.springframework.web.servlet.DispatcherServlet.doService(DispatcherServlet.java:866) ~[spring-webmvc-7.0.9.jar:7.0.9]
	at org.springframework.web.servlet.FrameworkServlet.processRequest(FrameworkServlet.java:1000) ~[spring-webmvc-7.0.9.jar:7.0.9]
	at org.springframework.web.servlet.FrameworkServlet.doGet(FrameworkServlet.java:892) ~[spring-webmvc-7.0.9.jar:7.0.9]
	at jakarta.servlet.http.HttpServlet.service(HttpServlet.java:622) ~[tomcat-embed-core-11.0.24.jar:6.1]
	at org.springframework.web.servlet.FrameworkServlet.service(FrameworkServlet.java:874) ~[spring-webmvc-7.0.9.jar:7.0.9]
	at jakarta.servlet.http.HttpServlet.service(HttpServlet.java:710) ~[tomcat-embed-core-11.0.24.jar:6.1]
	at org.apache.catalina.core.ApplicationFilterChain.doFilter(ApplicationFilterChain.java:132) ~[tomcat-embed-core-11.0.24.jar:11.0.24]
	at org.apache.tomcat.websocket.server.WsFilter.doFilter(WsFilter.java:59) ~[tomcat-embed-websocket-11.0.24.jar:11.0.24]
	at org.apache.catalina.core.ApplicationFilterChain.doFilter(ApplicationFilterChain.java:111) ~[tomcat-embed-core-11.0.24.jar:11.0.24]
	at org.springframework.web.filter.CorsFilter.doFilterInternal(CorsFilter.java:91) ~[spring-web-7.0.9.jar:7.0.9]
	at org.springframework.web.filter.OncePerRequestFilter.doFilter(OncePerRequestFilter.java:116) ~[spring-web-7.0.9.jar:7.0.9]
	at org.apache.catalina.core.ApplicationFilterChain.doFilter(ApplicationFilterChain.java:111) ~[tomcat-embed-core-11.0.24.jar:11.0.24]
	at org.springframework.web.filter.OncePerRequestFilter.doFilter(OncePerRequestFilter.java:110) ~[spring-web-7.0.9.jar:7.0.9]
	at org.apache.catalina.core.ApplicationFilterChain.doFilter(ApplicationFilterChain.java:111) ~[tomcat-embed-core-11.0.24.jar:11.0.24]
	at org.springframework.web.filter.CompositeFilter$VirtualFilterChain.doFilter(CompositeFilter.java:108) ~[spring-web-7.0.9.jar:7.0.9]
	at org.springframework.security.web.FilterChainProxy.lambda$doFilterInternal$2(FilterChainProxy.java:235) ~[spring-security-web-7.1.1.jar:7.1.1]
	at org.springframework.security.web.FilterChainProxy$VirtualFilterChain.doFilter(FilterChainProxy.java:376) ~[spring-security-web-7.1.1.jar:7.1.1]
	at org.springframework.security.web.access.intercept.AuthorizationFilter.doFilter(AuthorizationFilter.java:101) ~[spring-security-web-7.1.1.jar:7.1.1]
	at org.springframework.security.web.FilterChainProxy$VirtualFilterChain.doFilter(FilterChainProxy.java:385) ~[spring-security-web-7.1.1.jar:7.1.1]
	at org.springframework.security.web.access.ExceptionTranslationFilter.doFilter(ExceptionTranslationFilter.java:126) ~[spring-security-web-7.1.1.jar:7.1.1]
	at org.springframework.security.web.access.ExceptionTranslationFilter.doFilter(ExceptionTranslationFilter.java:120) ~[spring-security-web-7.1.1.jar:7.1.1]
	at org.springframework.security.web.FilterChainProxy$VirtualFilterChain.doFilter(FilterChainProxy.java:385) ~[spring-security-web-7.1.1.jar:7.1.1]
	at org.springframework.security.web.session.SessionManagementFilter.doFilter(SessionManagementFilter.java:132) ~[spring-security-web-7.1.1.jar:7.1.1]
	at org.springframework.security.web.session.SessionManagementFilter.doFilter(SessionManagementFilter.java:86) ~[spring-security-web-7.1.1.jar:7.1.1]
	at org.springframework.security.web.FilterChainProxy$VirtualFilterChain.doFilter(FilterChainProxy.java:385) ~[spring-security-web-7.1.1.jar:7.1.1]
	at org.springframework.security.web.authentication.AnonymousAuthenticationFilter.doFilter(AnonymousAuthenticationFilter.java:100) ~[spring-security-web-7.1.1.jar:7.1.1]
	at org.springframework.security.web.FilterChainProxy$VirtualFilterChain.doFilter(FilterChainProxy.java:385) ~[spring-security-web-7.1.1.jar:7.1.1]
	at org.springframework.security.web.servletapi.SecurityContextHolderAwareRequestFilter.doFilter(SecurityContextHolderAwareRequestFilter.java:181) ~[spring-security-web-7.1.1.jar:7.1.1]
	at org.springframework.security.web.FilterChainProxy$VirtualFilterChain.doFilter(FilterChainProxy.java:385) ~[spring-security-web-7.1.1.jar:7.1.1]
	at org.springframework.security.web.savedrequest.RequestCacheAwareFilter.doFilter(RequestCacheAwareFilter.java:63) ~[spring-security-web-7.1.1.jar:7.1.1]
	at org.springframework.security.web.FilterChainProxy$VirtualFilterChain.doFilter(FilterChainProxy.java:385) ~[spring-security-web-7.1.1.jar:7.1.1]
	at com.example.servicio.security.RateLimitFilter.doFilterInternal(RateLimitFilter.java:63) ~[classes/:na]
	at org.springframework.web.filter.OncePerRequestFilter.doFilter(OncePerRequestFilter.java:116) ~[spring-web-7.0.9.jar:7.0.9]
	at org.springframework.security.web.FilterChainProxy$VirtualFilterChain.doFilter(FilterChainProxy.java:385) ~[spring-security-web-7.1.1.jar:7.1.1]
	at org.springframework.security.web.authentication.logout.LogoutFilter.doFilter(LogoutFilter.java:110) ~[spring-security-web-7.1.1.jar:7.1.1]
	at org.springframework.security.web.authentication.logout.LogoutFilter.doFilter(LogoutFilter.java:96) ~[spring-security-web-7.1.1.jar:7.1.1]
	at org.springframework.security.web.FilterChainProxy$VirtualFilterChain.doFilter(FilterChainProxy.java:385) ~[spring-security-web-7.1.1.jar:7.1.1]
	at org.springframework.security.web.header.HeaderWriterFilter.doHeadersAfter(HeaderWriterFilter.java:90) ~[spring-security-web-7.1.1.jar:7.1.1]
	at org.springframework.security.web.header.HeaderWriterFilter.doFilterInternal(HeaderWriterFilter.java:75) ~[spring-security-web-7.1.1.jar:7.1.1]
	at org.springframework.web.filter.OncePerRequestFilter.doFilter(OncePerRequestFilter.java:116) ~[spring-web-7.0.9.jar:7.0.9]
	at org.springframework.security.web.FilterChainProxy$VirtualFilterChain.doFilter(FilterChainProxy.java:385) ~[spring-security-web-7.1.1.jar:7.1.1]
	at org.springframework.security.web.context.SecurityContextHolderFilter.doFilter(SecurityContextHolderFilter.java:82) ~[spring-security-web-7.1.1.jar:7.1.1]
	at org.springframework.security.web.context.SecurityContextHolderFilter.doFilter(SecurityContextHolderFilter.java:69) ~[spring-security-web-7.1.1.jar:7.1.1]
	at org.springframework.security.web.FilterChainProxy$VirtualFilterChain.doFilter(FilterChainProxy.java:385) ~[spring-security-web-7.1.1.jar:7.1.1]
	at org.springframework.security.web.context.request.async.WebAsyncManagerIntegrationFilter.doFilterInternal(WebAsyncManagerIntegrationFilter.java:62) ~[spring-security-web-7.1.1.jar:7.1.1]
	at org.springframework.web.filter.OncePerRequestFilter.doFilter(OncePerRequestFilter.java:116) ~[spring-web-7.0.9.jar:7.0.9]
	at org.springframework.security.web.FilterChainProxy$VirtualFilterChain.doFilter(FilterChainProxy.java:385) ~[spring-security-web-7.1.1.jar:7.1.1]
	at org.springframework.security.web.session.DisableEncodeUrlFilter.doFilterInternal(DisableEncodeUrlFilter.java:42) ~[spring-security-web-7.1.1.jar:7.1.1]
	at org.springframework.web.filter.OncePerRequestFilter.doFilter(OncePerRequestFilter.java:116) ~[spring-web-7.0.9.jar:7.0.9]
	at org.springframework.security.web.FilterChainProxy$VirtualFilterChain.doFilter(FilterChainProxy.java:385) ~[spring-security-web-7.1.1.jar:7.1.1]
	at org.springframework.security.web.FilterChainProxy.doFilterInternal(FilterChainProxy.java:237) ~[spring-security-web-7.1.1.jar:7.1.1]
	at org.springframework.security.web.FilterChainProxy.doFilter(FilterChainProxy.java:195) ~[spring-security-web-7.1.1.jar:7.1.1]
	at org.springframework.web.filter.CompositeFilter$VirtualFilterChain.doFilter(CompositeFilter.java:113) ~[spring-web-7.0.9.jar:7.0.9]
	at org.springframework.web.filter.ServletRequestPathFilter.doFilter(ServletRequestPathFilter.java:52) ~[spring-web-7.0.9.jar:7.0.9]
	at org.springframework.web.filter.CompositeFilter$VirtualFilterChain.doFilter(CompositeFilter.java:113) ~[spring-web-7.0.9.jar:7.0.9]
	at org.springframework.web.filter.CompositeFilter.doFilter(CompositeFilter.java:74) ~[spring-web-7.0.9.jar:7.0.9]
	at org.springframework.security.config.annotation.web.configuration.WebSecurityConfiguration$CompositeFilterChainProxy.doFilter(WebSecurityConfiguration.java:317) ~[spring-security-config-7.1.1.jar:7.1.1]
	at org.springframework.web.filter.DelegatingFilterProxy.invokeDelegate(DelegatingFilterProxy.java:355) ~[spring-web-7.0.9.jar:7.0.9]
	at org.springframework.web.filter.DelegatingFilterProxy.doFilter(DelegatingFilterProxy.java:272) ~[spring-web-7.0.9.jar:7.0.9]
	at org.apache.catalina.core.ApplicationFilterChain.doFilter(ApplicationFilterChain.java:111) ~[tomcat-embed-core-11.0.24.jar:11.0.24]
	at org.springframework.web.filter.RequestContextFilter.doFilterInternal(RequestContextFilter.java:100) ~[spring-web-7.0.9.jar:7.0.9]
	at org.springframework.web.filter.OncePerRequestFilter.doFilter(OncePerRequestFilter.java:116) ~[spring-web-7.0.9.jar:7.0.9]
	at org.apache.catalina.core.ApplicationFilterChain.doFilter(ApplicationFilterChain.java:111) ~[tomcat-embed-core-11.0.24.jar:11.0.24]
	at org.springframework.web.filter.FormContentFilter.doFilterInternal(FormContentFilter.java:93) ~[spring-web-7.0.9.jar:7.0.9]
	at org.springframework.web.filter.OncePerRequestFilter.doFilter(OncePerRequestFilter.java:116) ~[spring-web-7.0.9.jar:7.0.9]
	at org.apache.catalina.core.ApplicationFilterChain.doFilter(ApplicationFilterChain.java:111) ~[tomcat-embed-core-11.0.24.jar:11.0.24]
	at org.springframework.web.filter.CharacterEncodingFilter.doFilterInternal(CharacterEncodingFilter.java:199) ~[spring-web-7.0.9.jar:7.0.9]
	at org.springframework.web.filter.OncePerRequestFilter.doFilter(OncePerRequestFilter.java:116) ~[spring-web-7.0.9.jar:7.0.9]
	at org.apache.catalina.core.ApplicationFilterChain.doFilter(ApplicationFilterChain.java:111) ~[tomcat-embed-core-11.0.24.jar:11.0.24]
	at org.apache.catalina.core.StandardWrapperValve.invoke(StandardWrapperValve.java:165) ~[tomcat-embed-core-11.0.24.jar:11.0.24]
	at org.apache.catalina.core.StandardContextValve.invoke(StandardContextValve.java:77) ~[tomcat-embed-core-11.0.24.jar:11.0.24]
	at org.apache.catalina.authenticator.AuthenticatorBase.invoke(AuthenticatorBase.java:535) ~[tomcat-embed-core-11.0.24.jar:11.0.24]
	at org.apache.catalina.core.StandardHostValve.invoke(StandardHostValve.java:115) ~[tomcat-embed-core-11.0.24.jar:11.0.24]
	at org.apache.catalina.valves.ErrorReportValve.invoke(ErrorReportValve.java:86) ~[tomcat-embed-core-11.0.24.jar:11.0.24]
	at org.apache.catalina.core.StandardEngineValve.invoke(StandardEngineValve.java:71) ~[tomcat-embed-core-11.0.24.jar:11.0.24]
	at org.apache.catalina.connector.CoyoteAdapter.service(CoyoteAdapter.java:347) ~[tomcat-embed-core-11.0.24.jar:11.0.24]
	at org.apache.coyote.http11.Http11Processor.service(Http11Processor.java:406) ~[tomcat-embed-core-11.0.24.jar:11.0.24]
	at org.apache.coyote.AbstractProcessorLight.process(AbstractProcessorLight.java:71) ~[tomcat-embed-core-11.0.24.jar:11.0.24]
	at org.apache.coyote.AbstractProtocol$ConnectionHandler.process(AbstractProtocol.java:1307) ~[tomcat-embed-core-11.0.24.jar:11.0.24]
	at org.apache.tomcat.util.net.NioEndpoint$SocketProcessor.doRun(NioEndpoint.java:2036) ~[tomcat-embed-core-11.0.24.jar:11.0.24]
	at org.apache.tomcat.util.net.SocketProcessorBase.run(SocketProcessorBase.java:74) ~[tomcat-embed-core-11.0.24.jar:11.0.24]
	at org.apache.tomcat.util.threads.ThreadPoolExecutor.runWorker(ThreadPoolExecutor.java:949) ~[tomcat-embed-core-11.0.24.jar:11.0.24]
	at org.apache.tomcat.util.threads.ThreadPoolExecutor$Worker.run(ThreadPoolExecutor.java:483) ~[tomcat-embed-core-11.0.24.jar:11.0.24]
	at org.apache.tomcat.util.threads.TaskThread$WrappingRunnable.run(TaskThread.java:74) ~[tomcat-embed-core-11.0.24.jar:11.0.24]
	at java.base/java.lang.Thread.run(Thread.java:1474) ~[na:na]

2026-09-21T20:45:50.923-05:00 ERROR 233704 --- [servicio-mongodb] [http-nio-8083-exec-10] c.e.s.exception.GlobalExceptionHandler   : Excepcion 500 Error Interno del Servidor: 

org.springframework.web.servlet.resource.NoResourceFoundException: No static resource favicon.ico for request '/favicon.ico'.
	at org.springframework.web.servlet.resource.ResourceHttpRequestHandler.handleRequest(ResourceHttpRequestHandler.java:527) ~[spring-webmvc-7.0.9.jar:7.0.9]
	at org.springframework.web.servlet.mvc.HttpRequestHandlerAdapter.handle(HttpRequestHandlerAdapter.java:50) ~[spring-webmvc-7.0.9.jar:7.0.9]
	at org.springframework.web.servlet.DispatcherServlet.doDispatch(DispatcherServlet.java:963) ~[spring-webmvc-7.0.9.jar:7.0.9]
	at org.springframework.web.servlet.DispatcherServlet.doService(DispatcherServlet.java:866) ~[spring-webmvc-7.0.9.jar:7.0.9]
	at org.springframework.web.servlet.FrameworkServlet.processRequest(FrameworkServlet.java:1000) ~[spring-webmvc-7.0.9.jar:7.0.9]
	at org.springframework.web.servlet.FrameworkServlet.doGet(FrameworkServlet.java:892) ~[spring-webmvc-7.0.9.jar:7.0.9]
	at jakarta.servlet.http.HttpServlet.service(HttpServlet.java:622) ~[tomcat-embed-core-11.0.24.jar:6.1]
	at org.springframework.web.servlet.FrameworkServlet.service(FrameworkServlet.java:874) ~[spring-webmvc-7.0.9.jar:7.0.9]
	at jakarta.servlet.http.HttpServlet.service(HttpServlet.java:710) ~[tomcat-embed-core-11.0.24.jar:6.1]
	at org.apache.catalina.core.ApplicationFilterChain.doFilter(ApplicationFilterChain.java:132) ~[tomcat-embed-core-11.0.24.jar:11.0.24]
	at org.apache.tomcat.websocket.server.WsFilter.doFilter(WsFilter.java:59) ~[tomcat-embed-websocket-11.0.24.jar:11.0.24]
	at org.apache.catalina.core.ApplicationFilterChain.doFilter(ApplicationFilterChain.java:111) ~[tomcat-embed-core-11.0.24.jar:11.0.24]
	at org.springframework.web.filter.CorsFilter.doFilterInternal(CorsFilter.java:91) ~[spring-web-7.0.9.jar:7.0.9]
	at org.springframework.web.filter.OncePerRequestFilter.doFilter(OncePerRequestFilter.java:116) ~[spring-web-7.0.9.jar:7.0.9]
	at org.apache.catalina.core.ApplicationFilterChain.doFilter(ApplicationFilterChain.java:111) ~[tomcat-embed-core-11.0.24.jar:11.0.24]
	at org.springframework.web.filter.OncePerRequestFilter.doFilter(OncePerRequestFilter.java:110) ~[spring-web-7.0.9.jar:7.0.9]
	at org.apache.catalina.core.ApplicationFilterChain.doFilter(ApplicationFilterChain.java:111) ~[tomcat-embed-core-11.0.24.jar:11.0.24]
	at org.springframework.web.filter.CompositeFilter$VirtualFilterChain.doFilter(CompositeFilter.java:108) ~[spring-web-7.0.9.jar:7.0.9]
	at org.springframework.security.web.FilterChainProxy.lambda$doFilterInternal$2(FilterChainProxy.java:235) ~[spring-security-web-7.1.1.jar:7.1.1]
	at org.springframework.security.web.FilterChainProxy$VirtualFilterChain.doFilter(FilterChainProxy.java:376) ~[spring-security-web-7.1.1.jar:7.1.1]
	at org.springframework.security.web.access.intercept.AuthorizationFilter.doFilter(AuthorizationFilter.java:101) ~[spring-security-web-7.1.1.jar:7.1.1]
	at org.springframework.security.web.FilterChainProxy$VirtualFilterChain.doFilter(FilterChainProxy.java:385) ~[spring-security-web-7.1.1.jar:7.1.1]
	at org.springframework.security.web.access.ExceptionTranslationFilter.doFilter(ExceptionTranslationFilter.java:126) ~[spring-security-web-7.1.1.jar:7.1.1]
	at org.springframework.security.web.access.ExceptionTranslationFilter.doFilter(ExceptionTranslationFilter.java:120) ~[spring-security-web-7.1.1.jar:7.1.1]
	at org.springframework.security.web.FilterChainProxy$VirtualFilterChain.doFilter(FilterChainProxy.java:385) ~[spring-security-web-7.1.1.jar:7.1.1]
	at org.springframework.security.web.session.SessionManagementFilter.doFilter(SessionManagementFilter.java:132) ~[spring-security-web-7.1.1.jar:7.1.1]
	at org.springframework.security.web.session.SessionManagementFilter.doFilter(SessionManagementFilter.java:86) ~[spring-security-web-7.1.1.jar:7.1.1]
	at org.springframework.security.web.FilterChainProxy$VirtualFilterChain.doFilter(FilterChainProxy.java:385) ~[spring-security-web-7.1.1.jar:7.1.1]
	at org.springframework.security.web.authentication.AnonymousAuthenticationFilter.doFilter(AnonymousAuthenticationFilter.java:100) ~[spring-security-web-7.1.1.jar:7.1.1]
	at org.springframework.security.web.FilterChainProxy$VirtualFilterChain.doFilter(FilterChainProxy.java:385) ~[spring-security-web-7.1.1.jar:7.1.1]
	at org.springframework.security.web.servletapi.SecurityContextHolderAwareRequestFilter.doFilter(SecurityContextHolderAwareRequestFilter.java:181) ~[spring-security-web-7.1.1.jar:7.1.1]
	at org.springframework.security.web.FilterChainProxy$VirtualFilterChain.doFilter(FilterChainProxy.java:385) ~[spring-security-web-7.1.1.jar:7.1.1]
	at org.springframework.security.web.savedrequest.RequestCacheAwareFilter.doFilter(RequestCacheAwareFilter.java:63) ~[spring-security-web-7.1.1.jar:7.1.1]
	at org.springframework.security.web.FilterChainProxy$VirtualFilterChain.doFilter(FilterChainProxy.java:385) ~[spring-security-web-7.1.1.jar:7.1.1]
	at com.example.servicio.security.RateLimitFilter.doFilterInternal(RateLimitFilter.java:63) ~[classes/:na]
	at org.springframework.web.filter.OncePerRequestFilter.doFilter(OncePerRequestFilter.java:116) ~[spring-web-7.0.9.jar:7.0.9]
	at org.springframework.security.web.FilterChainProxy$VirtualFilterChain.doFilter(FilterChainProxy.java:385) ~[spring-security-web-7.1.1.jar:7.1.1]
	at org.springframework.security.web.authentication.logout.LogoutFilter.doFilter(LogoutFilter.java:110) ~[spring-security-web-7.1.1.jar:7.1.1]
	at org.springframework.security.web.authentication.logout.LogoutFilter.doFilter(LogoutFilter.java:96) ~[spring-security-web-7.1.1.jar:7.1.1]
	at org.springframework.security.web.FilterChainProxy$VirtualFilterChain.doFilter(FilterChainProxy.java:385) ~[spring-security-web-7.1.1.jar:7.1.1]
	at org.springframework.security.web.header.HeaderWriterFilter.doHeadersAfter(HeaderWriterFilter.java:90) ~[spring-security-web-7.1.1.jar:7.1.1]
	at org.springframework.security.web.header.HeaderWriterFilter.doFilterInternal(HeaderWriterFilter.java:75) ~[spring-security-web-7.1.1.jar:7.1.1]
	at org.springframework.web.filter.OncePerRequestFilter.doFilter(OncePerRequestFilter.java:116) ~[spring-web-7.0.9.jar:7.0.9]
	at org.springframework.security.web.FilterChainProxy$VirtualFilterChain.doFilter(FilterChainProxy.java:385) ~[spring-security-web-7.1.1.jar:7.1.1]
	at org.springframework.security.web.context.SecurityContextHolderFilter.doFilter(SecurityContextHolderFilter.java:82) ~[spring-security-web-7.1.1.jar:7.1.1]
	at org.springframework.security.web.context.SecurityContextHolderFilter.doFilter(SecurityContextHolderFilter.java:69) ~[spring-security-web-7.1.1.jar:7.1.1]
	at org.springframework.security.web.FilterChainProxy$VirtualFilterChain.doFilter(FilterChainProxy.java:385) ~[spring-security-web-7.1.1.jar:7.1.1]
	at org.springframework.security.web.context.request.async.WebAsyncManagerIntegrationFilter.doFilterInternal(WebAsyncManagerIntegrationFilter.java:62) ~[spring-security-web-7.1.1.jar:7.1.1]
	at org.springframework.web.filter.OncePerRequestFilter.doFilter(OncePerRequestFilter.java:116) ~[spring-web-7.0.9.jar:7.0.9]
	at org.springframework.security.web.FilterChainProxy$VirtualFilterChain.doFilter(FilterChainProxy.java:385) ~[spring-security-web-7.1.1.jar:7.1.1]
	at org.springframework.security.web.session.DisableEncodeUrlFilter.doFilterInternal(DisableEncodeUrlFilter.java:42) ~[spring-security-web-7.1.1.jar:7.1.1]
	at org.springframework.web.filter.OncePerRequestFilter.doFilter(OncePerRequestFilter.java:116) ~[spring-web-7.0.9.jar:7.0.9]
	at org.springframework.security.web.FilterChainProxy$VirtualFilterChain.doFilter(FilterChainProxy.java:385) ~[spring-security-web-7.1.1.jar:7.1.1]
	at org.springframework.security.web.FilterChainProxy.doFilterInternal(FilterChainProxy.java:237) ~[spring-security-web-7.1.1.jar:7.1.1]
	at org.springframework.security.web.FilterChainProxy.doFilter(FilterChainProxy.java:195) ~[spring-security-web-7.1.1.jar:7.1.1]
	at org.springframework.web.filter.CompositeFilter$VirtualFilterChain.doFilter(CompositeFilter.java:113) ~[spring-web-7.0.9.jar:7.0.9]
	at org.springframework.web.filter.ServletRequestPathFilter.doFilter(ServletRequestPathFilter.java:52) ~[spring-web-7.0.9.jar:7.0.9]
	at org.springframework.web.filter.CompositeFilter$VirtualFilterChain.doFilter(CompositeFilter.java:113) ~[spring-web-7.0.9.jar:7.0.9]
	at org.springframework.web.filter.CompositeFilter.doFilter(CompositeFilter.java:74) ~[spring-web-7.0.9.jar:7.0.9]
	at org.springframework.security.config.annotation.web.configuration.WebSecurityConfiguration$CompositeFilterChainProxy.doFilter(WebSecurityConfiguration.java:317) ~[spring-security-config-7.1.1.jar:7.1.1]
	at org.springframework.web.filter.DelegatingFilterProxy.invokeDelegate(DelegatingFilterProxy.java:355) ~[spring-web-7.0.9.jar:7.0.9]
	at org.springframework.web.filter.DelegatingFilterProxy.doFilter(DelegatingFilterProxy.java:272) ~[spring-web-7.0.9.jar:7.0.9]
	at org.apache.catalina.core.ApplicationFilterChain.doFilter(ApplicationFilterChain.java:111) ~[tomcat-embed-core-11.0.24.jar:11.0.24]
	at org.springframework.web.filter.RequestContextFilter.doFilterInternal(RequestContextFilter.java:100) ~[spring-web-7.0.9.jar:7.0.9]
	at org.springframework.web.filter.OncePerRequestFilter.doFilter(OncePerRequestFilter.java:116) ~[spring-web-7.0.9.jar:7.0.9]
	at org.apache.catalina.core.ApplicationFilterChain.doFilter(ApplicationFilterChain.java:111) ~[tomcat-embed-core-11.0.24.jar:11.0.24]
	at org.springframework.web.filter.FormContentFilter.doFilterInternal(FormContentFilter.java:93) ~[spring-web-7.0.9.jar:7.0.9]
	at org.springframework.web.filter.OncePerRequestFilter.doFilter(OncePerRequestFilter.java:116) ~[spring-web-7.0.9.jar:7.0.9]
	at org.apache.catalina.core.ApplicationFilterChain.doFilter(ApplicationFilterChain.java:111) ~[tomcat-embed-core-11.0.24.jar:11.0.24]
	at org.springframework.web.filter.CharacterEncodingFilter.doFilterInternal(CharacterEncodingFilter.java:199) ~[spring-web-7.0.9.jar:7.0.9]
	at org.springframework.web.filter.OncePerRequestFilter.doFilter(OncePerRequestFilter.java:116) ~[spring-web-7.0.9.jar:7.0.9]
	at org.apache.catalina.core.ApplicationFilterChain.doFilter(ApplicationFilterChain.java:111) ~[tomcat-embed-core-11.0.24.jar:11.0.24]
	at org.apache.catalina.core.StandardWrapperValve.invoke(StandardWrapperValve.java:165) ~[tomcat-embed-core-11.0.24.jar:11.0.24]
	at org.apache.catalina.core.StandardContextValve.invoke(StandardContextValve.java:77) ~[tomcat-embed-core-11.0.24.jar:11.0.24]
	at org.apache.catalina.authenticator.AuthenticatorBase.invoke(AuthenticatorBase.java:535) ~[tomcat-embed-core-11.0.24.jar:11.0.24]
	at org.apache.catalina.core.StandardHostValve.invoke(StandardHostValve.java:115) ~[tomcat-embed-core-11.0.24.jar:11.0.24]
	at org.apache.catalina.valves.ErrorReportValve.invoke(ErrorReportValve.java:86) ~[tomcat-embed-core-11.0.24.jar:11.0.24]
	at org.apache.catalina.core.StandardEngineValve.invoke(StandardEngineValve.java:71) ~[tomcat-embed-core-11.0.24.jar:11.0.24]
	at org.apache.catalina.connector.CoyoteAdapter.service(CoyoteAdapter.java:347) ~[tomcat-embed-core-11.0.24.jar:11.0.24]
	at org.apache.coyote.http11.Http11Processor.service(Http11Processor.java:406) ~[tomcat-embed-core-11.0.24.jar:11.0.24]
	at org.apache.coyote.AbstractProcessorLight.process(AbstractProcessorLight.java:71) ~[tomcat-embed-core-11.0.24.jar:11.0.24]
	at org.apache.coyote.AbstractProtocol$ConnectionHandler.process(AbstractProtocol.java:1307) ~[tomcat-embed-core-11.0.24.jar:11.0.24]
	at org.apache.tomcat.util.net.NioEndpoint$SocketProcessor.doRun(NioEndpoint.java:2036) ~[tomcat-embed-core-11.0.24.jar:11.0.24]
	at org.apache.tomcat.util.net.SocketProcessorBase.run(SocketProcessorBase.java:74) ~[tomcat-embed-core-11.0.24.jar:11.0.24]
	at org.apache.tomcat.util.threads.ThreadPoolExecutor.runWorker(ThreadPoolExecutor.java:949) ~[tomcat-embed-core-11.0.24.jar:11.0.24]
	at org.apache.tomcat.util.threads.ThreadPoolExecutor$Worker.run(ThreadPoolExecutor.java:483) ~[tomcat-embed-core-11.0.24.jar:11.0.24]
	at org.apache.tomcat.util.threads.TaskThread$WrappingRunnable.run(TaskThread.java:74) ~[tomcat-embed-core-11.0.24.jar:11.0.24]
	at java.base/java.lang.Thread.run(Thread.java:1474) ~[na:na]

2026-09-21T20:48:12.102-05:00  INFO 233704 --- [servicio-mongodb] [SpringApplicationShutdownHook] o.s.boot.tomcat.GracefulShutdown         : Commencing graceful shutdown. Waiting for active requests to complete
2026-09-21T20:48:12.341-05:00  INFO 233704 --- [servicio-mongodb] [tomcat-shutdown] o.s.boot.tomcat.GracefulShutdown         : Graceful shutdown complete
2026-09-21T20:48:13.651-05:00  INFO 233704 --- [servicio-mongodb] [cluster-6ab1dcc27a47734caa7d2a46-127.0.0.1:32774] org.mongodb.driver.cluster               : Exception in monitor thread while connecting to server 127.0.0.1:32774

com.mongodb.MongoNodeIsRecoveringException: Command execution failed on MongoDB server with error 11600 (InterruptedAtShutdown): 'interrupted at shutdown' on server 127.0.0.1:32774. The full response is {"ok": 0.0, "errmsg": "interrupted at shutdown", "code": 11600, "codeName": "InterruptedAtShutdown"}
	at com.mongodb.internal.connection.ProtocolHelper.createSpecialException(ProtocolHelper.java:264) ~[mongodb-driver-core-5.8.1.jar:na]
	at com.mongodb.internal.connection.ProtocolHelper.getCommandFailureException(ProtocolHelper.java:206) ~[mongodb-driver-core-5.8.1.jar:na]
	at com.mongodb.internal.connection.InternalStreamConnection.receiveCommandMessageResponse(InternalStreamConnection.java:570) ~[mongodb-driver-core-5.8.1.jar:na]
	at com.mongodb.internal.connection.InternalStreamConnection.receive(InternalStreamConnection.java:519) ~[mongodb-driver-core-5.8.1.jar:na]
	at com.mongodb.internal.connection.DefaultServerMonitor$ServerMonitor.doHeartbeat(DefaultServerMonitor.java:311) ~[mongodb-driver-core-5.8.1.jar:na]
	at com.mongodb.internal.connection.DefaultServerMonitor$ServerMonitor.lookupServerDescription(DefaultServerMonitor.java:262) ~[mongodb-driver-core-5.8.1.jar:na]
	at com.mongodb.internal.connection.DefaultServerMonitor$ServerMonitor.run(DefaultServerMonitor.java:203) ~[mongodb-driver-core-5.8.1.jar:na]

